"Sample","Group","Core","range","Type","Easting","Northing","Depth_upper","Depth_lower","pH","EC","Microplastics_fragments","Microplastics_fibres","Microplastics_other","Al","As","Ba","Ca","Cd","Ce","Cr","Cu","Fe","Gd","K","La","Mg","Mn","Mo","Na","Nd","Ni","P","Pb","S","Sr","Th","V","Y","Zn","Depth_lower.log","Depth_lower.pow","pH.pow","EC.pow","Cr.pow","Cu.pow","Fe.pow","Al.pow","As.log","Ba.log","Ca.pow","Cd.pow","Ce.log","Gd.log","K.log","La.log","Mg.pow","Mn.pow","Mo.pow","Na.log","Nd.log","Ni.pow","P.pow","Pb.log","S.pow","Sr.pow","Th.log","V.pow","Y.pow","Zn.log","pH.log","EC.log","Al.log","As.pow","Ba.pow","Ca.log","Cd.log","Ce.pow","Cr.log","Cu.log","Fe.log","Gd.pow","K.pow","La.pow","Mg.log","Mn.log","Mo.log","Na.pow","Nd.pow","Ni.log","P.log","Pb.pow","S.log","Sr.log","Th.pow","V.log","Y.log","Zn.pow"
"02.1.1","2","2.1","0-10","Soil",391352,6466375,0,10,6.83,164.4,"1749",NA,NA,2942,2.6,7.5,2038,0.02,4.4,8,NA,2196,0.28,101,1.4,171,29.5,0.15,141,1.02,0.79,154,7.2,226,11.6,1.09,4.9,0.84,17.2,1,1.10089730326019,776.633230754504,2.49801887070477,2.14382104109763,NA,5.08812602780181,42.6923038122628,0.414973347970818,0.8750612633917,3.28759393256437,-2.05407356338647,0.643452676486187,-0.552841968657781,2.00432137378264,0.146128035678238,3.14426490286356,2.7758429807986,-1.98875875232684,2.14921911265538,0.00860017176191757,-1.12331216049706,11.1947402227035,0.857332496431269,-0.373121763629888,1.05061925645185,0.0374264979406237,2.05220731803777,0.956803235231158,1.23552844690755,0.834420703681533,2.21590181320403,3.46864266839151,-0.86174739667264,-0.857085321852395,3.30920417967041,-1.69897000433602,1.00532967810168,0.903089986991944,NA,3.34163233577805,-1.53124456752887,-0.617706793876332,1.00870805104034,2.23299611039215,1.46982201597816,-0.823908740944319,2.83564443605466,1.00244188610055,-0.102372908709559,2.18752072083646,-0.828496704504614,2.3541084391474,1.06445798922692,-0.986178943931366,0.690196080028514,-0.0757207139381184,-0.771739751696198
"02.1.2","2","2.1","10-20","Soil",391352,6466375,10,20,8.35,80.9,"0",NA,NA,2987,2.7,4.3,9753,0.04,2.9,11.9,6.8,3593,0.32,56,1.3,364,13.9,0.14,71,0.79,0.96,69,61.5,105,58.9,1.56,8.1,0.67,31.5,1.30102999566398,1.13321900474121,1557.69301341034,2.19958195796242,2.47989537122051,-0.715324396755865,5.64636816362954,42.9980002805278,0.431363764158987,0.633468455579587,4.1983617510275,-1.80811270239322,0.462397997898956,-0.494850021680094,1.7481880270062,0.113943352306837,3.72067810686835,2.2121183921218,-2.03911015719832,1.85125834871908,-0.102372908709559,-1.02034157820275,7.6174634576577,1.78887511577542,-0.428943090799106,1.08558054016215,0.193124598354462,2.57612969365886,0.903547379695503,1.4983105537896,0.921686475483602,1.90794852161227,3.47523522260413,-0.856697796489745,-0.894365888962569,3.98913822421579,-1.39794000867204,1.00382714822176,1.07554696139253,0.832508912706236,3.55545721720465,-1.46431253457235,-0.656928970504541,1.00678361520369,2.56110138364906,1.1430148002541,-0.853871964321762,2.4541302026372,0.971385596812889,-0.0177287669604316,1.83884909073726,-0.67531885585858,2.02118929906994,1.7701152947871,-0.930702583109739,0.90848501887865,-0.173925197299174,-0.730360492204692
"02.1.3","2","2.1","20-30","Soil",391352,6466375,20,30,9.07,49.4,NA,NA,NA,1205,0.6,1.9,1974,NA,1.4,2.2,NA,1349,NA,26,0.6,78,5,0.06,11,NA,NA,20,4.5,NA,9.8,1.24,3.7,0.19,5.5,1.47712125471966,1.1525641243243,2074.44634653696,2.01327321159952,1.33529136220672,NA,4.58999960191274,28.0634891469649,-0.221848749616356,0.278753600952829,3.27125036206721,NA,0.146128035678238,NA,1.41497334797082,-0.221848749616356,2.63976406579855,1.6250071633763,-2.77200744543571,1.04139268515823,NA,NA,4.20631768578753,0.653212513775344,NA,1.0470561508807,0.0934216851622351,1.80732033274186,0.656649969324444,0.740362689494244,0.957607287060095,1.69372694892365,3.08098704691089,-1.08279560714133,-0.952060608328526,3.29534714833362,NA,1.0012078842212,0.342422680822206,NA,3.1300119496719,NA,-0.711705714507887,0.986923091302496,1.89209460269048,0.698970004336019,-1.22184874961636,1.65702861495901,NA,NA,1.30102999566398,-0.866452405781295,NA,0.991226075692495,-0.96585661814653,0.568201724066995,-0.721246399047171,-0.856188608384141
"02.1.4","2","2.1","30-40","Soil",391352,6466375,30,40,8.78,63,NA,NA,NA,2089,1.7,4.5,2935,0.01,1.7,5.9,NA,2793,0.27,51,1,129,11,0.15,34,0.66,0.6,50,12.9,63,15.1,1.25,6.8,0.38,14.2,1.60205999132796,1.16648965248955,1853.61375488867,2.10306547654645,1.91731354217139,NA,5.3535326397666,36.3458517800971,0.230448921378274,0.653212513775344,3.48032602434801,-2.33349292785712,0.230448921378274,-0.568636235841013,1.70757017609794,0,2.95288521792012,2.06135342647552,-1.98875875232684,1.53147891704226,-0.180456064458131,-1.28658291898525,6.52727787580364,1.11058971029925,-0.470704159545683,1.0562155086972,0.0969100130080564,2.38011925167934,0.782661776301569,1.15228834438306,0.943494515906103,1.79934054945358,3.31993843998031,-0.920691827990653,-0.891259238873905,3.46760810558363,-2,1.00190553854873,0.770852011642144,NA,3.446070935701,-1.54999801087887,-0.663373683551931,1,2.11058971029925,1.04139268515823,-0.823908740944319,2.10159075597712,0.950112140232505,-0.221848749616356,1.69897000433602,-0.783707078576843,1.79934054945358,1.17897694729317,-0.964604547087341,0.832508912706236,-0.42021640338319,-0.785330004912396
"02.1.5","2","2.1","40-50","Soil",391352,6466375,40,50,8.49,123.3,NA,NA,NA,4421,2,14.5,15261,0.06,3,8.2,12.7,3875,NA,76,1.7,588,15.3,0.19,127,0.6,1.08,90,27.1,130,93.1,2.8,10.1,0.56,38.9,1.69897000433602,1.17740689397193,1650.0392649278,2.37234669589808,2.16332252624833,-0.641341060629135,5.73729946026793,51.6995357237408,0.301029995663981,1.16136800223497,4.50247160303908,-1.67812433090273,0.477121254719662,NA,1.88081359228079,0.230448921378274,4.14025115650403,2.27709304482982,-1.82548207678641,2.10380372095596,-0.221848749616356,-0.962746819528753,8.65260114340795,1.43296929087441,-0.412600921050042,1.09564008773881,0.447158031342219,2.8465632025246,0.863425716120392,1.58994960132571,0.928907690243953,2.09096307659573,3.64552051490587,-0.897683702361961,-0.814911689705553,4.18358299235102,-1.22184874961636,1.00394924911493,0.913813852383717,1.10380372095596,3.58827170684233,NA,-0.636318462458774,1.01376735559084,2.76937732607614,1.1846914308176,-0.721246399047171,2.77387404963584,0.939024463678753,0.0334237554869497,1.95424250943932,-0.730178354254113,2.11394335230684,1.96894968098134,-0.846808546759216,1.00432137378264,-0.2518119729938,-0.716458428277669
"02.1.6","2","2.1","50-60","Soil",391352,6466375,50,60,8.97,98.2,NA,NA,NA,2743,2.3,21,23962,0.15,1.8,7.9,42.3,4146,NA,74,1.5,926,19,0.18,146,NA,1.49,120,106.4,184,140.9,1.67,7.4,0.66,85.8,1.77815125038364,1.18640273347869,1996.29556167606,2.27741079564659,2.13395438315626,-0.519715542709925,5.81989185983245,41.3097816223609,0.361727836017593,1.32221929473392,4.831207220048,-1.41775726529941,0.255272505103306,NA,1.86923171973098,0.176091259055681,4.5811131383462,2.43083850888416,-1.86160292782233,2.16435285578444,NA,-0.821423976502395,9.9325416893555,2.02694162795903,-0.387338047093314,1.10482513885475,0.222716471147583,2.47292455004371,0.900112710262213,1.93348728784871,0.952792443044092,1.99211148778695,3.43822580760453,-0.878357711873979,-0.792135029512416,4.37952306383055,-0.823908740944319,1.0021110165783,0.897627091290441,1.62634036737504,3.61762929775784,NA,-0.63809226190679,1.01050296421091,2.96661098668193,1.27875360095283,-0.744727494896694,2.85653220248986,NA,0.173186268412274,2.07918124604762,-0.640943326736565,2.26481782300954,2.14891099310936,-0.920517215004996,0.869231719730976,-0.180456064458131,-0.666656875594994
"02.2.1","2","2.2","0-10","Soil",391367,6466285,0,10,8.28,205.6,"250",NA,NA,4800,2.4,5.2,10241,0.02,5.6,8.2,3.1,3453,0.3,102,1.9,325,23.6,0.19,114,1.34,1.05,142,18,139,57.2,2.22,9.4,0.95,13.9,1,1.10089730326019,1512.92695275872,2.60029148413543,2.16332252624833,-0.820587850688021,5.59911756782472,53.7373547271626,0.380211241711606,0.716003343634799,4.23050116159681,-2.05407356338647,0.7481880270062,-0.522878745280338,2.00860017176192,0.278753600952829,3.62790708696681,2.59513806904762,-1.82548207678641,2.05690485133647,0.127104798364808,-0.97621918549103,10.7675902329578,1.25527250510331,-0.40760816368005,1.08494019163581,0.346352974450639,2.7555604535786,0.987093247893037,1.1430148002541,0.91803033678488,2.31302311032324,3.68124123737559,-0.872555712803955,-0.881450897202655,4.01034236613957,-1.69897000433602,1.00619987852644,0.913813852383717,0.491361693834273,3.53819657834945,-1.49628877288173,-0.617071861527594,1.0166770899316,2.51188336097887,1.37291200297011,-0.721246399047171,2.71149784342263,1.03670296890314,0.0211892990699381,2.15228834438306,-0.759214655788925,2.14301480025409,1.75739602879302,-0.879154020415081,0.973127853599699,-0.0222763947111523,-0.78685879622382
"02.2.2","2","2.2","10-20","Soil",391367,6466285,10,20,8.75,71.6,"500",NA,NA,4241,2.6,6.2,11793,0.03,5.4,7.4,4,3643,NA,61,2.4,356,29.7,0.16,87,1.54,0.9,146,16,137,69.5,3.14,10.3,0.8,15,1.30102999566398,1.13321900474121,1831.76823372614,2.15190985261758,2.08339563085919,-0.784835110849012,5.66289163518993,50.6992615204565,0.414973347970818,0.792391689498254,4.32477676343186,-1.90640263719207,0.732393759822969,NA,1.78532983501077,0.380211241711606,3.70230111017833,2.78150672275502,-1.94278426316682,1.93951925261862,0.187520720836463,-1.05334861224041,10.9119908375374,1.20411998265592,-0.408683991525908,1.08920590181103,0.496929648073215,2.87192511963448,0.945052943186019,1.17609125905568,0.942008053022313,1.85491302230786,3.62746827245971,-0.86174739667264,-0.869663952538609,4.07162429853975,-1.52287874528034,1.00606860262359,0.869231719730976,0.602059991327962,3.56145917124192,NA,-0.651090608788351,1.02281582610373,2.55144999797288,1.47275644931721,-0.795880017344075,2.56145319054078,1.05461810339223,-0.0457574905606751,2.16435285578444,-0.767785210613197,2.13672056715641,1.84198480459011,-0.831279855305749,1.01283722470517,-0.0969100130080564,-0.781419555061428
"02.2.3","2","2.2","20-30","Soil",391367,6466285,20,30,8.97,122.6,NA,NA,NA,8192,3.9,28.2,31042,0.12,4.4,10.7,15.1,7268,0.41,101,2.5,825,27.5,0.19,175,1.33,2.14,191,125.5,244,159.3,4.44,20.3,1.44,49.5,1.47712125471966,1.1525641243243,1996.29556167606,2.36992445010351,2.3850858647763,-0.622230187225474,6.55331696820897,69.0863159924908,0.591064607026499,1.45024910831936,5.03055662762454,-1.47718074609651,0.643452676486187,-0.387216143280265,2.00432137378264,0.397940008672038,4.46473676821839,2.71767370996375,-1.82548207678641,2.24303804868629,0.123851640967086,-0.687079820852321,12.4124501208103,2.09864372581706,-0.367957438196049,1.10756051609282,0.64738297011462,3.90361283730699,1.09674986411247,1.69460519893357,0.952792443044092,2.0884904701824,3.91338994363176,-0.809019318368866,-0.774461796733609,4.49194969457655,-0.920818753952375,1.00532967810168,1.02938377768521,1.17897694729317,3.861414918636,-1.34774302969287,-0.617706793876332,1.02389231047102,2.91645394854993,1.43933269383026,-0.721246399047171,2.967639795226,1.03574699140325,0.330413773349191,2.28103336724773,-0.630936956199572,2.38738982633873,2.20221577580113,-0.78604872370949,1.30749603791321,0.15836249209525,-0.700905070065366
"02.2.4","2","2.2","30-40","Soil",391367,6466285,30,40,9.3,92.8,NA,NA,NA,10353,4,11.3,21992,0.04,3.8,12.7,8.3,9574,0.52,106,2.2,594,30.8,0.25,149,1.38,2.03,151,37.5,192,108.9,5.33,30.4,1.16,25.8,1.60205999132796,1.16648965248955,2262.41705110054,2.25441561281837,2.53977888000314,-0.690833526951348,6.94650110181381,77.1227394746218,0.602059991327962,1.05307844348342,4.76690100769713,-1.80811270239322,0.57978359661681,-0.283996656365201,2.02530586526477,0.342422680822206,4.14962693371199,2.81219027925545,-1.65266477159935,2.17318626841227,0.139879086401236,-0.705200304677567,11.0896259706735,1.57403126772772,-0.384351447491003,1.09910571908043,0.726727209026572,4.68599234006803,1.03830493241104,1.41161970596323,0.968482948553935,1.96754797621886,4.01506621401115,-0.805836029486278,-0.830613291155263,4.34226472683541,-1.39794000867204,1.00480104728758,1.10380372095596,0.919078092376074,3.98109342314593,-1.24468074855449,-0.614599139833672,1.02052509388995,2.77378644498119,1.48855071650044,-0.602059991327962,2.86879522166184,1.04046538218057,0.307496037913213,2.17897694729317,-0.707921096725833,2.28330122870355,2.03702787975578,-0.763195137899738,1.48287358360875,0.0644579892269184,-0.743760103612089
"03.1","3","3.1","0-10","Soil",391086,6466660,0,10,8.41,146.5,"3",2,1,2187,1.7,10.9,40298,0.05,3.3,8.4,NA,1559,0.32,179,2.3,1701,25.9,0.1,356,NA,0.9,243,9.3,404,287.8,0.8,3.9,1.94,15.5,1,1.10089730326019,1596.80704641701,2.44688059974222,2.18252507375227,NA,4.73258434161225,37.1375470386776,0.230448921378274,1.03742649794062,5.2398410478376,-1.73537661323584,0.518513939877887,-0.494850021680094,2.25285303097989,0.361727836017593,5.24580217685583,2.66897232794369,-2.30354689643614,2.55144999797288,NA,-1.05334861224041,13.9317252735261,0.968482948553935,-0.335713555437519,1.12083751527653,-0.0969100130080564,1.85087685721103,1.18274180201491,1.19033169817029,0.924795995797912,2.16583762469013,3.33984878303764,-0.920691827990653,-0.832907655546058,4.60528349253025,-1.30102999566398,1.0042926008278,0.924279286061882,NA,3.19284611518884,-1.46431253457235,-0.581888575461978,1.02169472539099,3.23070431361257,1.41329976408125,-1,3.44640654577082,NA,-0.0457574905606751,2.38560627359831,-0.808532429014549,2.60638136511061,2.45909078960059,-1.03669426296977,0.591064607026499,0.287801729930226,-0.779089387127486
"03.2","3","3.1","10-20","Soil",391086,6466660,10,20,9.11,62.1,"2",0,0,2073,2,7.4,57265,0.02,1.4,7.7,NA,1650,NA,154,1.8,2365,14.4,0.06,455,NA,0.75,172,13.8,429,390.7,1.09,5.2,1.21,18.6,1.30102999566398,1.13321900474121,2106.30725856301,2.09764289407743,2.11398115925936,NA,4.78969443651095,36.2147400444174,0.301029995663981,0.869231719730976,5.5354665929215,-2.05407356338647,0.146128035678238,NA,2.18752072083646,0.255272505103306,5.64548234821591,2.23582721870225,-2.77200744543571,2.65801139665711,NA,-1.15247672223098,11.8041813176609,1.13987908640124,-0.332067492853376,1.12776130950052,0.0374264979406237,2.10812112503748,1.04946169397411,1.26951294421792,0.959518376972998,1.79309160017658,3.31659930209386,-0.897683702361961,-0.857966325671809,4.7578892650549,-1.69897000433602,1.0012078842212,0.886490725172482,NA,3.21748394421391,NA,-0.591097919558565,1.01526161489675,3.37383114507383,1.15836249209525,-1.22184874961636,3.62918943122145,NA,-0.1249387366083,2.23552844690755,-0.77868589215068,2.63245729218472,2.59184341122478,-0.986178943931366,0.716003343634799,0.0827853703164501,-0.766259090924498
"03.3","3","3.2","0-10","Soil",391080,6466662,0,10,8.11,100.5,"3",1,1,2880,2.5,12.3,7361,0.06,5.4,9.4,NA,2408,0.55,200,2.9,481,40.5,0.17,158,2.35,1.6,235,15.1,293,53,1.09,5.1,2.71,21.8,1,1.10089730326019,1408.02854393608,2.28689092514204,2.27443425213628,NA,5.18824651194931,42.2670339810564,0.397940008672038,1.0899051114394,4.0178407390017,-1.67812433090273,0.732393759822969,-0.259637310505756,2.30102999566398,0.462397997898956,3.95905053434895,3.05431661262245,-1.90056639955511,2.19865708695442,0.371067862271736,-0.793063208866096,13.7098620015008,1.17897694729317,-0.35591205622449,1.0832745366112,0.0374264979406237,2.0896843108374,1.28722874321505,1.3384564936046,0.909020854211156,2.00216606175651,3.45939248775923,-0.867026610435447,-0.825239895783678,3.86693681773164,-1.22184874961636,1.00606860262359,0.973127853599699,NA,3.38165648258579,-1.22153110759659,-0.57518951574442,1.02781573321387,2.68214507637383,1.60745502321467,-0.769551078621726,2.90445073267359,1.11096673296098,0.204119982655925,2.37106786227174,-0.772033299393575,2.46686762035411,1.72427586960079,-0.986178943931366,0.707570176097936,0.432969290874406,-0.755259884641741
"03.4","3","3.2","10-20","Soil",391080,6466662,10,20,8.93,114.6,"2",0,0,2180,1.9,6.5,35161,0.03,4.3,9.3,NA,1434,0.25,143,2.4,1297,14,0.07,311,1.22,0.66,118,8.4,280,262.7,1.21,3.8,1.42,5.2,1.30102999566398,1.13321900474121,1965.63002639724,2.34140315552332,2.26553079350898,NA,4.64968678380451,37.0816289339754,0.278753600952829,0.812913356642856,5.12941624460054,-1.90640263719207,0.633468455579587,-0.602059991327962,2.15533603746506,0.380211241711606,4.9382561590377,2.2169072464108,-2.62139865830263,2.49276038902684,0.0863598306747482,-1.22749238991506,9.85280948139624,0.924279286061882,-0.358861895865731,1.11877880199059,0.0827853703164501,1.82925554319586,1.09287180966303,0.716003343634799,0.950851458888546,2.05918461763137,3.3384564936046,-0.90488260700785,-0.866524347206234,4.54606121817381,-1.52287874528034,1.0052467628583,0.968482948553935,NA,3.15654915133178,-1.59044471335388,-0.595688167224058,1.02281582610373,3.11293997608408,1.14612803567824,-1.15490195998574,3.34969880722209,1.02479301144721,-0.180456064458131,2.07188200730613,-0.816413791181798,2.44715803134222,2.41946007278607,-0.969684369022847,0.57978359661681,0.152288344383056,-0.860573640042304
"03.5","3","3.2","20-30","Soil",391080,6466662,20,30,8.77,116.8,"0",0,0,5039,3.8,19.6,8356,0.08,5.2,9.9,10.3,4907,0.4,157,2.5,382,31.3,0.19,121,1.66,3.54,199,62.8,119,49.4,2.68,10.6,1.01,62.9,1.47712125471966,1.1525641243243,1846.31144043034,2.34940538276191,2.3180748910413,-0.665253537324523,6.03100365861703,54.9788034248769,0.57978359661681,1.29225607135648,4.09819875639643,-1.59160392443092,0.716003343634799,-0.397940008672038,2.19589965240923,0.397940008672038,3.76090617559679,2.82588470179024,-1.82548207678641,2.08278537031645,0.220108088040055,-0.536015320336019,12.6591009690324,1.7979596437372,-0.419289001647061,1.08174045965625,0.428134794028789,2.90946743882091,1.0025232430917,1.79865064544527,0.94299959336604,2.06744284277638,3.70234435835577,-0.81229836886175,-0.796329054266461,3.92199843130827,-1.09691001300806,1.00593238986745,0.99563519459755,1.01283722470517,3.69081605798092,-1.35892827240919,-0.589908712631401,1.02389231047102,2.58206336291171,1.49554433754645,-0.721246399047171,2.74574383079298,1.06440942587289,0.549003262025788,2.29885307640971,-0.673973875794069,2.07554696139253,1.69372694892365,-0.852820108796715,1.02530586526477,0.00432137378264258,-0.685777099161646
"03.6","3","3.2","30-40","Soil",391080,6466662,30,40,8.81,135.1,"0",0,0,8197,4.4,34.7,12040,0.12,8.4,13,19.3,6163,0.45,407,4.6,545,29.6,0.15,244,2.92,2.92,178,60.1,150,65.3,3.38,15,1.8,89.2,1.60205999132796,1.16648965248955,1875.64395314146,2.4115711419004,2.56161817384699,-0.596106841774924,6.32873910786285,69.106132314353,0.643452676486187,1.54032947479087,4.33880152029626,-1.47718074609651,0.924279286061882,-0.346787486224656,2.60959440922522,0.662757831681574,4.07078764212883,2.77867819231191,-1.98875875232684,2.38738982633873,0.465382851448418,-0.5894229930035,11.9998837463062,1.77887447200274,-0.402001014975981,1.08783889069836,0.528916700277655,3.40426754853811,1.1605168493683,1.95036485437612,0.944975908412048,2.13065534902203,3.91365493508662,-0.793964300166643,-0.762263942037547,4.08062648692181,-0.920818753952375,1.00766464227178,1.11394335230684,1.28555730900777,3.78979216773068,-1.30639651133646,-0.534074691641241,1.04010747063836,2.73639650227664,1.47129171105894,-0.823908740944319,3.1828299217275,1.141082313984,0.465382851448418,2.25042000230889,-0.676802572347338,2.17609125905568,1.81491318127507,-0.821450573293164,1.17609125905568,0.255272505103306,-0.664301437310734
"03.7","3","3.2","40-50","Soil",391080,6466662,40,50,8.12,81.2,NA,NA,NA,4112,2.5,15.9,7622,0.05,4.2,7.5,8.6,5028,0.29,161,2.4,306,20.7,0.18,130,1.81,1.76,83,21.3,93,36.1,1.88,11.5,0.9,38.7,1.69897000433602,1.17740689397193,1414.05130172545,2.20104327445743,2.09367663712338,-0.686559848864256,6.06214709616392,49.9684832142671,0.397940008672038,1.20139712432045,4.03976653215288,-1.73537661323584,0.6232492903979,-0.537602002101044,2.20682587603185,0.380211241711606,3.57953973730132,2.49449778845977,-1.86160292782233,2.11394335230684,0.257678574869184,-0.756639186825635,8.32307434518842,1.32837960343874,-0.438516110660774,1.07492630308232,0.27415784926368,3.01872552494876,0.973668801278679,1.58771096501891,0.909556029241175,1.90955602924118,3.61405310598722,-0.867026610435447,-0.809183047605743,3.88206894443615,-1.30102999566398,1.00516190357182,0.8750612633917,0.934498451243568,3.70139526901392,-1.51336440113703,-0.588361566430732,1.02281582610373,2.48572142648158,1.31597034545692,-0.744727494896694,2.78754744358447,1.07581086738927,0.24551266781415,1.91907809237607,-0.747131442468896,1.96848294855394,1.55750720190566,-0.903075949966211,1.06069784035361,-0.0457574905606751,-0.716794865768207
"03.8","3","3.2","50-60","Soil",391080,6466662,50,60,9.02,100.5,NA,NA,NA,3258,2.1,26.8,17534,0.23,3.6,6,111.7,3838,0.31,163,2.4,420,24.3,0.12,140,1.12,2.4,99,567.5,232,55,1.62,8.6,1.04,221.5,1.77815125038364,1.18640273347869,2035.10413044235,2.28689092514204,1.92916767425586,-0.438594591694575,5.72567245496306,44.7894431424451,0.322219294733919,1.42813479402879,4.60117949633712,-1.31052149640573,0.556302500767287,-0.508638306165727,2.21218760440396,0.380211241711606,3.84121719073688,2.61812208801392,-2.15626437433111,2.14612803567824,0.0492180226701817,-0.649295135316191,9.05724943707666,2.75396586586516,-0.37134787772144,1.08408324365806,0.209515014542631,2.64688647966547,1.00998271040676,2.34537373055909,0.955206537541942,2.00216606175651,3.51295107997249,-0.890889261246844,-0.777486035760701,4.24388100221832,-0.638272163982407,1.004606158917,0.778151250383644,2.04805317311561,3.58410497039945,-1.47995642050442,-0.587603833975474,1.02281582610373,2.6232492903979,1.38560627359831,-0.920818753952375,2.83139691690024,1.01405552665654,0.380211241711606,1.99563519459755,-0.546423812953711,2.3654879848909,1.74036268949424,-0.925047242856118,0.934498451243568,0.0170333392987804,-0.611489042924426
"04.1.1","4","4.1","0-10","Soil",391388,6466613,0,10,7.2,83,"0",2,0,2763,7.2,17.6,16228,0.21,2.6,11.7,35.7,3797,NA,96,1.7,611,17.9,0.17,149,0.93,2.34,351,43.1,249,81.7,1.72,8.7,1.11,124.5,1,1.10089730326019,932.344581890689,2.20971930461942,2.46452844731841,-0.535354345382918,5.7126847765576,41.4510813954132,0.857332496431269,1.24551266781415,4.54588614651086,-1.33264308106596,0.414973347970818,NA,1.98227123303957,0.230448921378274,4.17579776226341,2.3874967771948,-1.90056639955511,2.17318626841227,-0.0315170514460649,-0.657455195732033,16.6183766699308,1.63447727016073,-0.366602455993776,1.09276062387356,0.235528446907549,2.6607652217311,1.02678306999507,2.09516935143176,0.857332496431269,1.91907809237607,3.44138088491651,-0.735352238643117,-0.802916226522397,4.21026499903229,-0.677780705266081,1.00343395356628,1.06818586174616,1.55266821611219,3.5794405971398,NA,-0.620989195188277,1.01376735559084,2.78604121024255,1.25285303097989,-0.769551078621726,2.86879522166184,0.991101951684993,0.369215857410143,2.54530711646582,-0.698592579459419,2.39619934709574,1.91222205653242,-0.91614204881332,0.939519252618618,0.0453229787866575,-0.644431449829428
"04.1.2","4","4.1","10-20","Soil",391388,6466613,10,20,7.74,62.8,"2",0,0,2544,6.8,17.1,43157,0.24,2.1,24.5,30.9,3169,NA,91,1.7,1489,20.1,0.11,294,NA,2.63,175,58.1,409,268.4,1.44,7,1.27,456,1.30102999566398,1.13321900474121,1197.75278766941,2.1018659777639,3.23181373127536,-0.549036308795272,5.49842449509425,39.8730065804529,0.832508912706236,1.23299611039215,5.29624004223409,-1.30029874214649,0.322219294733919,NA,1.95904139232109,0.230448921378274,5.09250811774037,2.47246161916715,-2.22534049458198,2.46834733041216,NA,-0.620634939169155,11.9024690747277,1.76417613239033,-0.334963372790428,1.11926273819308,0.15836249209525,2.41153522604642,1.06240423240452,2.65896484266443,0.888740960682893,1.7979596437372,3.40551710697638,-0.741926647048451,-0.80468931448529,4.63505124767147,-0.619788758288394,1.00266538092901,1.38916608436453,1.48995847942483,3.5009222391903,NA,-0.624466076260645,1.01376735559084,3.17289469775218,1.30319605742049,-0.958607314841775,3.3102749724831,NA,0.419955748489758,2.24303804868629,-0.678989167237681,2.61172330800734,2.42878251149695,-0.942811566589977,0.845098040014257,0.103803720955957,-0.572568579904154
"04.1.3","4","4.1","20-30","Soil",391388,6466613,20,30,8.07,61.8,NA,NA,NA,3252,4.9,39,43813,0.43,2.7,12.6,148.7,5536,0.25,139,2.5,1537,42.9,0.43,342,0.45,5.79,250,193.8,486,269.5,1.98,10.1,1.55,278.1,1.47712125471966,1.1525641243243,1384.11987114993,2.09582103465283,2.5324265916117,-0.417202430392942,6.18678284999327,44.7506540966518,0.690196080028514,1.5910646070265,5.30873447834671,-1.1680004050507,0.431363764158987,-0.602059991327962,2.14301480025409,0.397940008672038,5.12863481104832,3.10782375144302,-1.35778170756981,2.53402610605613,-0.346787486224656,-0.420505204923098,14.1227567658004,2.28735377271475,-0.324618042869457,1.11935496908884,0.296665190261531,2.8465632025246,1.11738864220538,2.44420098886416,0.90687353472207,1.79098847508882,3.51215053692203,-0.78076808162069,-0.75547862592602,4.64160299156755,-0.366531544420413,1.00356982801052,1.10037054511756,2.17231096852195,3.7431960814487,-1.59044471335388,-0.597454868443807,1.02389231047102,3.18667386749975,1.63245729218472,-0.366531544420413,3.41740792479581,0.906336225269011,0.762678563727436,2.39794000867204,-0.605341856172022,2.68663626926229,2.43055876952276,-0.895549105041006,1.00432137378264,0.190331698170291,-0.598946066232028
"04.1.4","4","4.1","30-40","Soil",391388,6466613,30,40,8.25,61.4,NA,NA,NA,4390,4.9,65.2,15266,0.84,4.7,34.2,355.6,7688,0.44,141,2.8,614,50.3,1.35,150,2.17,9.4,185,376.2,350,78,2.5,12,1.45,449.2,1.60205999132796,1.16648965248955,1494.02464543827,2.09338056616982,3.65233471338526,-0.358236896809412,6.63162570959587,51.5288260624102,0.690196080028514,1.81424759573192,4.50270198188409,-1.03260175073448,0.672097857935718,-0.356547323513813,2.14921911265538,0.447158031342219,4.18035723154485,3.26065393042967,-0.896948330221622,2.17609125905568,0.33645973384853,-0.331098289656755,12.2239127254946,2.57541879121436,-0.344589472654595,1.09174078496765,0.397940008672038,3.07740667215033,1.09867382552203,2.65243974758942,0.916453948549925,1.78816837114117,3.64246452024212,-0.78076808162069,-0.726340187429485,4.18372525804558,-0.0757207139381184,1.00556760364615,1.53402610605614,2.55096175229818,3.88581337466049,-1.31626028285702,-0.596564598766791,1.02688675345623,2.78816837114117,1.70156798505593,0.130333768495006,2.87283957840547,1.10011651919171,0.973127853599699,2.26717172840301,-0.568258949423644,2.54406804435028,1.89209460269048,-0.862449759104086,1.07918124604762,0.161368002234975,-0.573352622093067
"04.1.5","4","4.1","40-50","Soil",391388,6466613,40,50,8.54,52.8,NA,NA,NA,4353,4.8,76.2,14524,1.15,4.1,19.6,350.9,7183,0.42,139,2.7,509,50.4,1.13,174,1.8,8.82,176,334,425,55.8,2.61,10.2,1.47,526.7,1.69897000433602,1.17740689397193,1683.94320487052,2.03746166823827,2.97787655889348,-0.359070889960165,6.53703652398315,51.3242373477867,0.681241237375587,1.8819549713396,4.46779581060131,-0.97461120574032,0.612783856719735,-0.3767507096021,2.14301480025409,0.431363764158987,4.00927575471276,3.26260809630082,-0.956675227280608,2.2405492482826,0.255272505103306,-0.341665579430959,11.9350365216097,2.52374646681156,-0.33263373287962,1.08439868479082,0.416640507338281,2.85927820347776,1.10249221773658,2.72156331835748,0.931457870689005,1.72263392253381,3.6387886671574,-0.783279042786935,-0.717724626056072,4.16208624024085,0.0606978403536116,1.00507500671221,1.29225607135648,2.54518336821541,3.8563058664333,-1.33691610688891,-0.597454868443807,1.02592487130272,2.70671778233676,1.70243053644553,0.0530784434834197,2.96406016294336,1.07507705582404,0.94546858513182,2.24551266781415,-0.574739417843998,2.62838893005031,1.74663419893758,-0.856473099819562,1.00860017176192,0.167317334748176,-0.565101141961274
"04.1.6","4","4.1","50-60","Soil",391388,6466613,50,60,8.65,59.6,NA,NA,NA,3816,3.8,44.2,15097,0.6,5.1,12.4,95.8,5911,0.57,164,3,591,40.9,0.43,123,2.47,6.18,218,137.4,285,62.3,1.66,8.7,1.91,396.3,1.77815125038364,1.18640273347869,1760.27177013116,2.08223429104427,2.5176103918767,-0.45052430510327,6.27311881538479,48.2443345176379,0.57978359661681,1.64542226934909,4.49487963948383,-1.09855268455954,0.707570176097936,-0.244125144327509,2.2148438480477,0.477121254719662,4.1449482923874,3.06338547956785,-1.35778170756981,2.0899051114394,0.392696953259666,-0.407198456288351,13.2249632409068,2.13798673272353,-0.357708548031658,1.08680863693545,0.220108088040055,2.6607652217311,1.17808265217321,2.59802407233419,0.937016107464814,1.77524625974024,3.58160836603206,-0.81229836886175,-0.748275840991035,4.17889065504891,-0.221848749616356,1.00586231311009,1.09342168516224,1.98136550907854,3.77166095934889,-1.20701418717233,-0.587228808737632,1.02871401413544,2.77158748088126,1.61172330800734,-0.366531544420413,2.75524054586172,1.11780207890975,0.790988475088816,2.3384564936046,-0.625512983620305,2.45484486000851,1.79448804665917,-0.921410509389117,0.939519252618618,0.281033367247728,-0.57993304957575
"04.2.1","4","4.2","0-10","Soil",391399,6466606,0,10,5.4,61.7,"6",4,0,2500,4.6,20.8,4096,0.38,3.9,8.4,18.2,4303,0.45,123,2.1,355,34.4,0.26,75,1.5,2.76,269,58.4,390,14.4,1.06,5.6,1.52,197.2,1,1.10089730326019,344.208199465249,2.09521213543729,2.18252507375227,-0.602252015216809,5.86581017837427,39.5473654341334,0.662757831681574,1.31806333496276,3.66631109266081,-1.19487144257295,0.591064607026499,-0.346787486224656,2.0899051114394,0.322219294733919,3.69998148321468,2.90754863037955,-1.6293408185132,1.8750612633917,0.176091259055681,-0.606038146103823,14.6276609787158,1.7664128471124,-0.337873854676303,1.05520593693251,0.0253058652647703,2.17999158084614,1.11187128936585,2.29490691060519,0.732393759822969,1.79028516403324,3.39794000867204,-0.788487402793215,-0.79271542719805,3.61235994796777,-0.42021640338319,1.0048946908486,0.924279286061882,1.26007138798507,3.63377134608256,-1.30639651133646,-0.605130255471786,1.01930247559967,2.55022835305509,1.53655844257153,-0.585026652029182,2.48262305739141,1.05120534197559,0.440909082065218,2.42975228000241,-0.678655967769617,2.5910646070265,1.15836249209525,-0.990633872827072,0.7481880270062,0.181843587944773,-0.617995173044207
"04.2.2","4","4.2","10-20","Soil",391399,6466606,10,20,5.22,70.9,"3",1,0,2856,10.6,52.7,8010,0.74,3.6,12.2,55.3,10712,0.31,164,2.2,481,54.8,0.9,118,1.62,5.98,309,96.1,631,34.6,1.2,7.7,1.66,374.7,1.30102999566398,1.13321900474121,306.072058922099,2.14811976556085,2.50264207432767,-0.495935533759903,7.11343869652544,42.1011120642975,1.02530586526477,1.72181061521255,4.07121810856045,-1.05696787521395,0.556302500767287,-0.508638306165727,2.2148438480477,0.342422680822206,3.95905053434895,3.34603488596621,-1.03892065336139,2.07188200730613,0.209515014542631,-0.413860549716277,15.633148436946,1.98272338766855,-0.309563310270236,1.07400762193654,0.0791812460476248,2.51778274630179,1.13696096282924,2.5736836930938,0.717670503002262,1.85064623518307,3.45575820310414,-0.692370341450495,-0.73826974086771,3.90363251608424,-0.130768280269024,1.004606158917,1.08635983067475,1.7427251313047,4.02987056400395,-1.47995642050442,-0.587228808737632,1.02052509388995,2.68214507637383,1.73878055848437,-0.0457574905606751,2.73126371535748,1.06121665978406,0.776701183988411,2.48995847942483,-0.647193144706787,2.80002935924413,1.53907609879278,-0.970984843645861,0.886490725172482,0.220108088040055,-0.582900899947737
"04.2.3","4","4.2","20-30","Soil",391399,6466606,20,30,5.21,64.7,NA,NA,NA,4219,13.7,86.9,10197,1.34,4.6,22.8,127.8,16754,0.79,149,2.8,476,97.9,1.44,133,2.78,12.81,287,213.6,853,45,1.64,11.5,2.25,724.1,1.47712125471966,1.1525641243243,304.045901136871,2.11313700763037,3.14769719924082,-0.428393794651136,7.8190062512865,50.5754744238449,1.13672056715641,1.93901977644867,4.22765699282142,-0.94757218660601,0.662757831681574,-0.102372908709559,2.17318626841227,0.447158031342219,3.94984393129892,3.9861245645131,-0.876213416428471,2.12385164096709,0.444044795918076,-0.284215034187675,15.0891333125176,2.32960124835652,-0.293047953070317,1.07970929447248,0.214843848047698,3.01872552494876,1.22799136041616,2.85979854748057,0.716837723299524,1.8109042806687,3.62520952538188,-0.665256090546285,-0.710542711242392,4.00847241930272,0.127104798364808,1.00549001963651,1.35793484700045,2.10653085382238,4.22411851110638,-1.08209591989638,-0.593137944533116,1.02688675345623,2.67760695272049,1.99078269180314,0.15836249209525,2.80097397894967,1.13419821607706,1.10754912974469,2.45788189673399,-0.599755517804466,2.93094903116752,1.65321251377534,-0.923215997614676,1.06069784035361,0.352182518111362,-0.548954100860176
"04.2.4","4","4.2","30-40","Soil",391399,6466606,30,40,8.53,68.4,NA,NA,NA,5179,13.2,96.9,8931,1.6,4.4,24.5,144.4,22180,0.95,188,3.4,490,81.5,1.47,173,3.07,15.22,324,375.7,779,33.9,1.84,15.3,2.5,1155.2,1.60205999132796,1.16648965248955,1677.12314411909,2.1343280818246,3.23181373127536,-0.419347491877634,8.29686769030817,55.691551066538,1.12057393120585,1.98632377705077,4.14101959617945,-0.917151880630202,0.643452676486187,-0.0222763947111523,2.27415784926368,0.531478917042255,3.97543664102965,3.77164413554886,-0.869690427877105,2.2380461031288,0.487138375477186,-0.261045345864161,15.992583015267,2.57484119506338,-0.297924764181694,1.07356546618419,0.264817823009536,3.43490009549507,1.26120027549767,3.06265718022556,0.930949031167523,1.83505610172012,3.71424591101789,-0.669118793176057,-0.704643756145831,3.95090008936639,0.204119982655925,1.00532967810168,1.38916608436453,2.15956719323362,4.34596154181314,-1.01731686891743,-0.578916548133494,1.03203723561929,2.69019608002851,1.91115760873998,0.167317334748176,2.9604642538833,1.14814411529727,1.18241465243455,2.51054501020661,-0.568330983093148,2.89153745767256,1.53019969820308,-0.906217959189338,1.1846914308176,0.397940008672038,-0.52609010027634
"04.2.5","4","4.2","40-50","Soil",391399,6466606,40,50,8.48,68.8,NA,NA,NA,4832,9.4,72.3,12640,1.01,6.2,16.8,103.5,12910,0.75,175,3.6,525,72.8,0.86,152,3.07,11.53,327,296.1,655,41,2.37,11.4,2.18,687.7,1.69897000433602,1.17740689397193,1643.31721749864,2.13656225417702,2.81420297705666,-0.444478108160931,7.39976761805786,53.9054443522185,0.973127853599699,1.85913829729453,4.37188464966881,-0.998170781901599,0.792391689498254,-0.1249387366083,2.24303804868629,0.556302500767287,4.03701854368317,3.64536632264218,-1.05617909828199,2.18184358794477,0.487138375477186,-0.299364703002276,16.0634234418108,2.4714384073893,-0.307468736563467,1.07768623150303,0.374748346010104,3.00682261307232,1.21820112795958,2.83739902434202,0.928395852256714,1.83758843823551,3.68412692561308,-0.705445816921321,-0.720616502402571,4.10174707394637,0.00432137378264258,1.00656737351109,1.22530928172586,2.01494034979294,4.11092624226642,-1.10108002258943,-0.583262896846573,1.03355842411965,2.72015930340596,1.86213137931304,-0.0655015487564323,2.88086485854193,1.14814411529727,1.0618293072947,2.51454775266029,-0.581374893512693,2.81624129999178,1.61278385671974,-0.869919755636131,1.05690485133647,0.338456493604605,-0.551538878283719
"04.2.6","4","4.2","50-60","Soil",391399,6466606,50,60,8.85,NA,NA,NA,NA,5302,6.7,63,15412,0.67,5,14,83.8,8722,0.51,172,2.8,524,57.3,0.69,127,2.39,7.67,238,152.5,447,48.4,2.06,11.8,1.59,428.7,1.77815125038364,1.18640273347869,1905.30642417647,NA,2.6321911552956,-0.461185957442251,6.81094764962688,56.3093692584932,0.826074802700826,1.79934054945358,4.50940113324202,-1.07647215537587,0.698970004336019,-0.292429823902064,2.23552844690755,0.447158031342219,4.03530401418997,3.39136829048087,-1.14393307061803,2.10380372095596,0.378397900948138,-0.366042297100895,13.7935146570145,2.1832698436828,-0.329594444790783,1.08129486022095,0.313867220369153,3.05409796554019,1.12462240576986,2.63215348351063,0.946943270697825,NA,3.72443972339707,-0.743640261365177,-0.728250913120933,4.18785900034096,-0.173925197299174,1.00579085363211,1.14612803567824,1.92324401863028,3.94061608233741,-1.25279693149547,-0.584316603805185,1.02688675345623,2.71933128698373,1.75815462196739,-0.161150909262745,2.77387404963584,1.11327851749357,0.884795363948981,2.37657695705651,-0.619327781056975,2.65030752313194,1.68484536164441,-0.889838771476852,1.07188200730613,0.201397124320452,-0.575797042584068
"05.1","5","5","0-10","Soil",391343,6466514,0,10,6.4,63.5,"Present",NA,NA,2486,2.8,12.9,1246,0.06,5.7,6.1,5.3,2641,0.38,126,2.5,234,17.9,0.24,37,1.99,1.25,127,79,203,6.8,1.19,5.7,1.49,35.7,1,1.10089730326019,620.008206221286,2.1060506100139,1.94089734193951,-0.747169001525692,5.29056316992285,39.4431162680097,0.447158031342219,1.11058971029925,3.04439960027012,-1.67812433090273,0.755874855672491,-0.42021640338319,2.10037054511756,0.397940008672038,3.37185857590645,2.3874967771948,-1.67729565794103,1.56820172406699,0.298853076409707,-0.895765601442895,10.2062916534043,1.89762709129044,-0.380476757428795,1.03937517390262,0.0755469613925307,2.19751615368029,1.10627201112846,1.55266821611219,0.806179973983887,1.80277372529198,3.39550112430563,-0.851859855870233,-0.822237056859,3.09551804232315,-1.22184874961636,1.00626377470065,0.785329835010767,0.724275869600789,3.42176840120692,-1.38246065517069,-0.603610034931339,1.02389231047102,2.36921585741014,1.25285303097989,-0.619788758288394,2.13935285402557,1.08844632155476,0.0969100130080564,2.10380372095596,-0.659392683869292,2.30749603791321,0.832508912706236,-0.972297967096666,0.755874855672491,0.173186268412274,-0.722081968316927
"05.2","5","5","10-20","Soil",391343,6466514,10,20,7.4,93.9,"Absent",NA,NA,3141,2.9,15.3,1567,0.08,5.7,6.9,8,3652,0.37,217,2.6,372,25.5,0.23,120,2.01,1.52,140,87.6,240,7.3,1.5,7.6,1.62,42,1.30102999566398,1.13321900474121,1025.1614374998,2.25918725377464,2.03062432083539,-0.695292645274687,5.66584684311058,44.026096854291,0.462397997898956,1.1846914308176,3.15537461989731,-1.59160392443092,0.755874855672491,-0.431798275933005,2.33645973384853,0.414973347970818,3.73874383280851,2.65647012687125,-1.70336592269044,2.07918124604762,0.303196057420489,-0.813386064790975,10.6945958289058,1.94250410616808,-0.369065270319224,1.0408619670411,0.176091259055681,2.50293811181213,1.12995904958814,1.6232492903979,0.869231719730976,1.97266559226611,3.4970679363985,-0.847217604129311,-0.811568917842542,3.19506899646859,-1.09691001300806,1.00626377470065,0.838849090737255,0.903089986991944,3.56253076886226,-1.39485610596085,-0.570312235919581,1.02492763588352,2.5705429398819,1.40654018043396,-0.638272163982407,2.74094893124547,1.08978769895293,0.181843587944773,2.14612803567824,-0.652930657168643,2.38021124171161,0.863322860120456,-0.936616395333688,0.880813592280791,0.209515014542631,-0.711472528736617
"05.3","5","5","20-30","Soil",391343,6466514,20,30,7.2,278,NA,NA,NA,3838,4.2,16.7,1941,0.11,7,9,8.2,3890,0.55,204,2.7,364,25.9,0.23,219,2.02,1.74,162,110.8,371,9.4,1.39,8.8,1.72,50.8,1.47712125471966,1.1525641243243,932.344581890689,2.74492855409771,2.23845103853216,-0.692298568379265,5.74198818050589,48.3748673546754,0.6232492903979,1.22271647114758,3.26264777267358,-1.50102130366605,0.845098040014257,-0.259637310505756,2.3096301674259,0.431363764158987,3.72067810686835,2.66897232794369,-1.70336592269044,2.34044411484012,0.305351369446624,-0.760916988032759,11.4699432093178,2.04453976039241,-0.34095694790663,1.04617744400831,0.143014800254095,2.67455687400318,1.14723128653493,1.70586371228392,0.857332496431269,2.44404479591808,3.58410497039945,-0.799736770430579,-0.806148449988315,3.28802553538836,-0.958607314841775,1.00700573253404,0.954242509439325,0.913813852383717,3.58994960132571,-1.22153110759659,-0.574001790740801,1.02592487130272,2.56110138364906,1.41329976408125,-0.638272163982407,3.11118683521313,1.09045400438396,0.2405492482826,2.20951501454263,-0.638472824139426,2.56937390961505,0.973127853599699,-0.948207772784141,0.944482672150169,0.235528446907549,-0.699252135937347
"05.4","5","5","30-40","Soil",391343,6466514,30,40,7.9,217,NA,NA,NA,2100,2.5,14,1384,0.06,4.9,4.8,NA,1904,0.37,129,1.9,161,8.5,0.11,162,1.72,0.99,156,51.7,228,6.7,1.07,3.9,1.35,16,1.60205999132796,1.16648965248955,1285.72009615566,2.62559193396955,1.77758487122787,NA,4.93691715552426,36.4356826254467,0.397940008672038,1.14612803567824,3.09475965265011,-1.67812433090273,0.690196080028514,-0.431798275933005,2.11058971029925,0.278753600952829,3.10233227326888,1.90710153772936,-2.22534049458198,2.20951501454263,0.235528446907549,-1.00497013163558,11.2642253421161,1.71349054309394,-0.372524345346703,1.03906499200815,0.0293837776852097,1.85087685721103,1.07896885825113,1.20411998265592,0.897627091290441,2.33645973384853,3.32221929473392,-0.867026610435447,-0.817103353723513,3.14113609012074,-1.22184874961636,1.00571795566267,0.681241237375587,NA,3.27966694404846,-1.39485610596085,-0.602129273080364,1.0166770899316,2.20682587603185,0.929418925714293,-0.958607314841775,2.919784684116,1.06907431900647,-0.00436480540245009,2.19312459835446,-0.686583722612598,2.35793484700045,0.826074802700826,-0.989132797475532,0.591064607026499,0.130333768495006,-0.776839826671104
"05.5","5","5","40-50","Soil",391343,6466514,40,50,8.1,31.8,NA,NA,NA,415,1.7,6.5,645,0.01,2.1,1.4,NA,469,NA,42,0.8,46,2.1,NA,59,0.88,NA,19,8.4,161,3.7,0.59,1,0.81,5.8,1.69897000433602,1.17740689397193,1402.02405493755,1.86027904002957,1.13132990090876,NA,3.67109208888128,17.0039052549008,0.230448921378274,0.812913356642856,2.74686080512717,-2.33349292785712,0.322219294733919,NA,1.6232492903979,-0.0969100130080564,2.34675688176047,1.25084216048982,NA,1.77085201164214,-0.0555173278498314,NA,4.10411519858074,0.924279286061882,-0.396860014634082,1.02670910035209,-0.229147988357856,1,0.948030934583461,0.763427993562937,0.90848501887865,1.50242711998443,2.61804809671209,-0.920691827990653,-0.866524347206234,2.80955971463527,-2,1.00266538092901,0.146128035678238,NA,2.67117284271508,NA,-0.676955200142169,0.994266445337903,1.66275783168157,0.322219294733919,NA,2.36027738079498,0.984379216059351,NA,1.27875360095283,-0.816413791181798,2.20682587603185,0.568201724066995,-1.08894703598579,0,-0.0915149811213502,-0.852057119561827
"05.6","5","5","50-60","Soil",391343,6466514,50,60,7.9,88.3,NA,NA,NA,659,1,5.8,490,0.01,2,1.5,NA,601,NA,55,0.8,60,3.2,0.07,78,0.67,NA,27,13,124,2,0.59,1.6,0.58,7.4,1.77815125038364,1.18640273347869,1285.72009615566,2.23439841018959,1.16031958673349,NA,3.86872457195262,21.1323251512234,0,0.763427993562937,2.63143566711871,-2.33349292785712,0.301029995663981,NA,1.74036268949424,-0.0969100130080564,2.48987844919517,1.42032072692594,-2.62139865830263,1.89209460269048,-0.173925197299174,NA,4.85738962747438,1.11394335230684,-0.416162109229952,1.01406261613582,-0.229147988357856,1.23690668781738,0.871133512152531,0.869231719730976,0.897627091290441,1.94596070357757,2.81888541459401,-1,-0.874114468908177,2.69019608002851,-2,1.00248988614776,0.176091259055681,NA,2.77887447200274,NA,-0.658165705261761,0.994266445337903,1.77815125038364,0.505149978319906,-1.15490195998574,2.50321535243974,0.951873453153182,NA,1.43136376415899,-0.783130513798522,2.09342168516224,0.301029995663981,-1.08894703598579,0.204119982655925,-0.236572006437063,-0.833359414850488
"05.7","5","5","60-70","Soil",391343,6466514,60,70,7.6,264,NA,NA,NA,434,0.6,4.4,415,0.01,1.8,0.9,NA,347,NA,50,0.9,49,2.8,NA,91,0.72,NA,20,9.6,106,1.8,NA,0.7,0.48,4.2,1.84509804001426,1.19406220865692,1124.36896871798,2.71959676414863,0.962098283218076,NA,3.44452733077457,17.3654776937826,-0.221848749616356,0.643452676486187,2.56403333749526,-2.33349292785712,0.255272505103306,NA,1.69897000433602,-0.0457574905606751,2.3800245407111,1.36424459926977,NA,1.95904139232109,-0.142667503568732,NA,4.20631768578753,0.982271233039568,-0.428204259865742,1.01191237802316,NA,0.850996201868572,0.83036634292828,0.6232492903979,0.880813592280791,2.42160392686983,2.63748972951251,-1.08279560714133,-0.892793559913802,2.61804809671209,-2,1.0021110165783,-0.0457574905606751,NA,2.54032947479087,NA,-0.664746336953726,0.997288709209367,1.69019608002851,0.447158031342219,NA,2.58581841873817,0.960348673515343,NA,1.30102999566398,-0.806089627228033,2.02530586526477,0.255272505103306,NA,-0.154901959985743,-0.318758762624413,-0.877477255111493
"06.01A","6","6","0-10","Soil",391248,6466702,0,10,6.42,193,NA,NA,NA,2594,1.9,14.2,1788,0.05,4.4,6.4,2.8,2517,0.35,250,1.6,479,55.7,0.21,176,1.3,1.64,329,11.9,583,8.8,0.91,4.7,1.78,32.5,1,1.10089730326019,626.745164718907,2.57095152961099,1.97537202189804,-0.83531546858279,5.23704036319274,40.2394507494951,0.278753600952829,1.15228834438306,3.22107337829384,-1.73537661323584,0.643452676486187,-0.455931955649724,2.39794000867204,0.204119982655925,3.95537685983721,3.36251817072264,-1.76045826475717,2.24551266781415,0.113943352306837,-0.78346162701477,16.1104626312152,1.07554696139253,-0.314049997456036,1.04478816701781,-0.0409586076789064,2.01388288848682,1.1572374611947,1.51188336097887,0.807535028068853,2.28555730900777,3.41396997174806,-0.90488260700785,-0.816216729071348,3.2523675144599,-1.30102999566398,1.00532967810168,0.806179973983887,0.447158031342219,3.40088321554836,-1.42104331258468,-0.561946767245635,1.01218488448713,2.68033551341456,1.74585519517373,-0.677780705266081,2.97120331678946,1.03284075536009,0.214843848047698,2.51719589794997,-0.789757147804373,2.76566855475901,0.944482672150169,-1.01534749153868,0.672097857935718,0.250420002308894,-0.728284542125639
"06.02A","6","6","10-20","Soil",391248,6466702,10,20,6.43,136.5,NA,NA,NA,3248,3.2,8.9,897,0.05,7.2,8.5,NA,2744,0.46,140,2.5,205,23.2,0.06,79,2.17,1.68,205,12,249,3.7,0.69,6.1,1.7,17.1,1.30102999566398,1.13321900474121,630.133094084114,2.41603617941546,2.19201788022088,NA,5.33353494155651,44.7247736577301,0.505149978319906,0.949390006644913,2.89206972818755,-1.73537661323584,0.857332496431269,-0.337242168318426,2.14612803567824,0.397940008672038,3.2739091426648,2.58178989641374,-2.77200744543571,1.89762709129044,0.33645973384853,-0.774203519802163,12.8407197342701,1.07918124604762,-0.366602455993776,1.02670910035209,-0.161150909262745,2.26598226796074,1.14383799653804,1.23299611039215,0.808210972924222,2.13513265137677,3.51161602056914,-0.834329490859108,-0.845931196851193,2.95279244304409,-1.30102999566398,1.00710751387603,0.929418925714293,NA,3.43838410703471,-1.29682104540251,-0.59700797787884,1.02389231047102,2.31175386105575,1.3654879848909,-1.22184874961636,2.50994048264784,1.10011651919171,0.225309281725863,2.31175386105575,-0.789127530331646,2.39619934709574,0.568201724066995,-1.06175770103794,0.785329835010767,0.230448921378274,-0.772149706056772
"06.03A","6","6","20-30","Soil",391248,6466702,20,30,8.22,113.8,NA,NA,NA,3739,3.4,33.4,13668,0.14,4.3,8.7,13.6,5467,0.44,129,2.2,493,25.9,0.2,223,1.64,2.6,241,59,239,71.2,1.7,10.6,1.57,70.8,1.47712125471966,1.1525641243243,1475.29092846855,2.3384619855286,2.21079343697557,-0.633712464152981,6.17039764520712,47.7843005446176,0.531478917042255,1.52374646681156,4.42560570018637,-1.43587029772437,0.633468455579587,-0.356547323513813,2.11058971029925,0.342422680822206,3.98084668848521,2.66897232794369,-1.7918624697653,2.34830486304816,0.214843848047698,-0.624157271478875,13.8766202989502,1.77085201164214,-0.369345640677286,1.08973632977579,0.230448921378274,2.90946743882091,1.12102272739,1.85003325768977,0.91487181754005,2.05614226205905,3.57275546515422,-0.826490048885051,-0.764494941796558,4.13570497012673,-0.853871964321762,1.0052467628583,0.939519252618618,1.13353890837022,3.73774907389156,-1.31626028285702,-0.602129273080364,1.02052509388995,2.69284691927723,1.41329976408125,-0.698970004336019,3.12306959304462,1.06282157824087,0.414973347970818,2.38201704257487,-0.677995157428306,2.37839790094814,1.85247999363686,-0.91787416437235,1.02530586526477,0.195899652409234,-0.678427066819575
"06.04A","6","6","30-40","Soil",391248,6466702,30,40,8.68,61.7,NA,NA,NA,4070,4.2,72,37178,0.21,5.3,10.4,14.4,5748,0.48,133,3,987,38.7,0.18,254,0.79,3.78,327,149.6,302,225.1,1.96,12.6,1.48,158,1.60205999132796,1.16648965248955,1781.50835820336,2.09521213543729,2.36034107996818,-0.627413486617475,6.23613821837381,49.7279397615949,0.6232492903979,1.85733249643127,5.1743013041377,-1.33264308106596,0.724275869600789,-0.318758762624413,2.12385164096709,0.477121254719662,4.64669369882413,3.01271430148334,-1.86160292782233,2.40483371661994,-0.102372908709559,-0.518947989431682,16.0634234418108,2.17493159352844,-0.353959039508696,1.11530254590687,0.292256071356476,3.14608324097354,1.10438688221902,2.19865708695442,0.938519725176492,1.79028516403324,3.60959440922522,-0.799736770430579,-0.720845873784409,4.57028602308175,-0.677780705266081,1.00600113649145,1.01703333929878,1.15836249209525,3.75951675946219,-1.27847834010499,-0.600213027752295,1.02871401413544,2.99431715266964,1.58771096501891,-0.744727494896694,3.20986914690099,0.971385596812889,0.577491799837225,2.51454775266029,-0.620462087309711,2.48000694295715,2.35237549500052,-0.897018633373434,1.10037054511756,0.170261715394957,-0.630596126371823
"06.05A","6","6","40-50","Soil",391248,6466702,40,50,7.84,61.8,NA,NA,NA,6057,5.7,96.4,14554,0.47,8.2,12.8,47,7843,0.62,149,3.2,563,54.3,0.25,122,2.51,4.02,313,234.6,264,75.5,2.72,18.6,1.55,295,1.69897000433602,1.17740689397193,1252.21208686303,2.09582103465283,2.54709459775531,-0.510233186568622,6.65967375251718,59.9454895758684,0.755874855672491,1.98407703390283,4.46923598405783,-1.14903976334063,0.913813852383717,-0.207608310501746,2.17318626841227,0.505149978319906,4.10036601308024,3.33679568508751,-1.65266477159935,2.08635983067475,0.399673721481038,-0.503426243526549,15.7298695266317,2.37032800777951,-0.362722884052601,1.09102450665384,0.434568904034199,3.75218702916551,1.11738864220538,2.46982201597816,0.894316062684438,1.79098847508882,3.7822575736633,-0.76259594775233,-0.704922820959141,4.16298237058543,-0.327902142064283,1.00757752904888,1.10720996964787,1.67209785793572,3.89448221501009,-1.17351768466004,-0.593137944533116,1.03042624558858,2.75050839485135,1.73479982958885,-0.602059991327962,2.75050755038043,1.12001587430301,0.60422605308447,2.49554433754645,-0.594419070397001,2.42160392686983,1.87794695162919,-0.850782094896338,1.26951294421792,0.190331698170291,-0.595736503120653
"06.06A","6","6","50-60","Soil",391248,6466702,50,60,9.21,56.2,NA,NA,NA,7067,4.6,82.8,14903,0.28,9,11.4,35,7207,0.56,179,3.2,633,41.7,0.22,155,2.92,5.43,222,147.7,261,76.7,3.48,18.4,1.75,160.4,1.77815125038364,1.18640273347869,2187.48050154076,2.06040400737013,2.44116295730312,-0.537210357986811,6.54164867996139,64.4521835200942,0.662757831681574,1.91803033678488,4.4858085254918,-1.26393492939186,0.954242509439325,-0.2518119729938,2.25285303097989,0.505149978319906,4.20883862540833,3.08133904226759,-1.73102797293146,2.19033169817029,0.465382851448418,-0.434034177965801,13.3407789843238,2.16938049531195,-0.363477614653691,1.09137117471274,0.541579243946581,3.73388179049415,1.15226639829476,2.20520436394814,0.964259630196849,1.74973631556906,3.84923509131472,-0.788487402793215,-0.713175952159292,4.17327370145258,-0.552841968657781,1.00791409479844,1.05690485133647,1.54406804435028,3.85775452205944,-1.21418614402326,-0.581888575461978,1.03042624558858,2.80140371001736,1.62013605497376,-0.657577319177794,2.8927478907392,1.141082313984,0.734799829588847,2.34635297445064,-0.621218390887762,2.41664050733828,1.88479536394898,-0.817591695888954,1.26481782300954,0.243038048686294,-0.629730876011
"06.07A","6","6","60-70","Soil",391248,6466702,60,70,9.2,54.5,NA,NA,NA,4323,2.8,43.9,23686,0.21,4.7,9.1,75.2,4918,NA,113,2.4,1024,25.5,0.15,179,1.25,2.58,184,86.5,266,145.9,2.57,13.2,1.17,105.7,1.84509804001426,1.19406220865692,2179.26472117633,2.04907967032162,2.24754028621978,-0.469996696290199,6.03385974787577,51.1576770585558,0.447158031342219,1.64246452024212,4.82247294874893,-1.33264308106596,0.672097857935718,NA,2.05307844348342,0.380211241711606,4.68495116926015,2.65647012687125,-1.98875875232684,2.25285303097989,0.0969100130080564,-0.626539394330735,12.1921820168657,1.93701610746481,-0.362225339468077,1.10560159282405,0.409933123331295,3.21299118453969,1.04056461814582,2.02407498730743,0.963787827345555,1.73639650227664,3.63578523553365,-0.851859855870233,-0.748665991622537,4.37449172494382,-0.677780705266081,1.00556760364615,0.959041392321094,1.87621784059164,3.6917885244027,NA,-0.610510243977552,1.02281582610373,3.01029995663981,1.40654018043396,-0.823908740944319,2.98179883869277,1.0278636912691,0.41161970596323,2.26481782300954,-0.653717485605161,2.42488163663107,2.16405529189345,-0.858611993967307,1.12057393120585,0.0681858617461616,-0.654111584011318
"06.08A","6","6","70-80","Soil",391248,6466702,70,80,9.4,61,NA,NA,NA,2359,1.6,20.3,49727,0.09,1.9,6.9,8.2,2437,NA,77,1.6,2174,13.7,NA,363,NA,1.09,137,37.7,391,320.9,1.72,7.2,0.96,53.4,1.90308998699194,1.20073710701307,2347.80166593656,2.09092701650503,2.03062432083539,-0.692298568379265,5.2013956967834,38.482851850825,0.204119982655925,1.30749603791321,5.41476986711085,-1.55748104984846,0.278753600952829,NA,1.88649072517248,0.204119982655925,5.54054868995748,2.20246802605434,NA,2.55990662503611,NA,-0.958379561794249,10.5840790400809,1.57634135020579,-0.337716528296752,1.12329848944182,0.235528446907549,2.44246338625644,0.989714501328452,1.72754125702856,0.973127853599699,1.78532983501077,3.3727279408856,-0.929424794795586,-0.794193111822047,4.69659225929766,-1.04575749056068,1.00230542090425,0.838849090737255,0.913813852383717,3.38685552918472,NA,-0.635450793796912,1.01218488448713,3.33725953975028,1.13672056715641,NA,3.46056949651374,NA,0.0374264979406237,2.13672056715641,-0.707562307244228,2.59217675739587,2.5063697170955,-0.91614204881332,0.857332496431269,-0.0177287669604316,-0.69608048785501
"06.09A","6","6","80-90","Soil",391248,6466702,80,90,9.17,105.6,NA,NA,NA,4712,2.2,16.5,31575,0.07,2.7,8.1,9.4,5077,NA,115,2,1390,14,0.07,255,NA,1.07,122,41.4,277,203.7,3.37,14.2,0.92,44.3,1.95424250943932,1.2066557495831,2154.74907375603,2.30729315193535,2.15360990123951,-0.675969607163785,6.07459092585515,53.2720221094185,0.342422680822206,1.21748394421391,5.04395134816896,-1.63119434706901,0.431363764158987,NA,2.06069784035361,0.301029995663981,5.01503983681963,2.2169072464108,-2.62139865830263,2.40654018043396,NA,-0.967174883579797,10.0115852308132,1.6170003411209,-0.359565651672188,1.11306015961404,0.527629900871339,3.32090197027724,0.979103817905906,1.64640372622307,0.962369335670021,2.02366391819779,3.67320528177905,-0.884458855694478,-0.806892192864523,4.49934335922737,-1.15490195998574,1.00356982801052,0.90848501887865,0.973127853599699,3.70560716340461,NA,-0.609393219898246,1.01802176794083,3.14301480025409,1.14612803567824,-1.15490195998574,3.21252658615621,NA,0.0293837776852097,2.08635983067475,-0.701277056092887,2.44247976906445,2.30899102900016,-0.821843740122242,1.15228834438306,-0.0362121726544447,-0.708026124334648
"06.10A","6","6","90-100","Soil",391248,6466702,90,100,9.31,58,NA,NA,NA,4121,2.3,26.9,36499,0.11,4,8.3,12.5,4283,NA,114,2.3,1605,18.8,NA,273,0.87,1.67,143,60,316,233.5,2.66,13.2,1.14,64.6,2,1.21197487232555,2270.85447998064,2.07209213244704,2.17296042879842,-0.643122722123476,5.86003489789344,50.0198585971816,0.361727836017593,1.42975228000241,5.15942580827812,-1.50102130366605,0.602059991327962,NA,2.05690485133647,0.361727836017593,5.17834212608236,2.42309101419233,NA,2.43616264704076,-0.0604807473813815,-0.776486970225399,10.8038867967688,1.77815125038364,-0.351053830712651,1.11612607991346,0.424881636631067,3.21299118453969,1.03374155770535,1.81023251799508,0.968949680981343,1.76342799356294,3.61500261452459,-0.878357711873979,-0.777264437021592,4.56228096581452,-0.958607314841775,1.00498597182854,0.919078092376074,1.09691001300806,3.63174807439657,NA,-0.60994902659225,1.02169472539099,3.20547503674089,1.27415784926368,NA,3.25900917742365,0.982994609531449,0.222716471147583,2.15533603746506,-0.676909997333066,2.4996870826184,2.36828688490213,-0.853852408713619,1.12057393120585,0.0569048513364726,-0.684113447729749
"07.1","7","7","0-10","Soil",391305,6466415,0,10,7.92,7.92,"5",4,NA,1589,2.7,10,1372,0.07,2.4,3.4,5.7,2055,NA,88,1.1,143,27,0.14,62,0.85,1.29,140,20.6,193,6.6,0.58,3.9,0.6,39.4,1,1.10089730326019,1297.02972982699,1.44962883977911,1.5664202369369,-0.73772808021296,5.01723016115305,31.960165354703,0.431363764158987,1,3.09055305477848,-1.63119434706901,0.380211241711606,NA,1.94448267215017,0.0413926851582251,3.02145548120793,2.70267211224504,-2.03911015719832,1.79239168949825,-0.0705810742857073,-0.881954537710448,10.6945958289058,1.31386722036915,-0.383988484358938,1.03875024021613,-0.236572006437063,1.85087685721103,0.878645317085516,1.59549622182557,0.898725181589494,0.898725181589494,3.20112389720738,-0.856697796489745,-0.838419604419966,3.13735411137073,-1.15490195998574,1.00314584105111,0.531478917042255,0.755874855672491,3.31281182621209,NA,-0.626655040702167,1.00245901023727,2.15533603746506,1.43136376415899,-0.853871964321762,2.38506139806346,0.980183011050568,0.110589710299249,2.14612803567824,-0.749514666841325,2.28555730900777,0.819543935541869,-1.09195744887327,0.591064607026499,-0.221848749616356,-0.715625524593439
"07.2","7","7","10-20","Soil",391305,6466415,10,20,9.15,82.7,"5",10,1,2206,2.2,10.6,3925,0.1,3.6,3.2,7.3,2327,NA,161,2,254,21.7,0.14,99,1.24,1.44,73,27,149,15.6,1.36,4.4,0.8,51.1,1.30102999566398,1.13321900474121,2138.51470426225,2.2082840913762,1.53197868203889,-0.706509013143168,5.15084604705385,37.2888483423228,0.342422680822206,1.02530586526477,3.64197158658425,-1.52757747032912,0.556302500767287,NA,2.20682587603185,0.301029995663981,3.43403827280686,2.53025370265734,-2.03911015719832,1.99563519459755,0.0934216851622351,-0.835372030478027,7.82612258993242,1.43136376415899,-0.402490366186928,1.05690893424262,0.133538908370218,1.95468196527671,0.945052943186019,1.70842090013471,0.961421094066448,1.91750550955255,3.34360550810417,-0.884458855694478,-0.834688730255808,3.59383966108127,-1,1.004606158917,0.505149978319906,0.863322860120456,3.36679638328673,NA,-0.588361566430732,1.01802176794083,2.40483371661994,1.33645973384853,-0.853871964321762,2.63211661078743,1.02684738034799,0.15836249209525,1.86332286012046,-0.730435666491637,2.17318626841227,1.19312459835446,-0.951554880332987,0.643452676486187,-0.0969100130080564,-0.698877242459548
"07.3","7","7","20-30","Soil",391305,6466415,20,30,9.23,56.3,NA,NA,NA,1868,1.7,5.6,5412,0.04,2.5,2.2,3.1,1484,NA,111,1.6,214,10.4,0.29,59,0.93,0.77,41,14.1,71,23.9,1,3.7,0.61,19.3,1.47712125471966,1.1525641243243,2203.97811888234,2.06106134792035,1.33529136220672,-0.820587850688021,4.68350452224058,34.4849569883463,0.230448921378274,0.7481880270062,3.82937997223235,-1.80811270239322,0.397940008672038,NA,2.04532297878666,0.204119982655925,3.30540069940319,2.0267681937598,-1.56612125611224,1.77085201164214,-0.0315170514460649,-1.13761161988964,5.93474398949235,1.14921911265538,-0.460580530621745,1.0660319517838,0,1.80732033274186,0.882331286273943,1.28555730900777,0.965201701025912,1.75050839485135,3.27137687189407,-0.920691827990653,-0.876465355824251,3.73335778792559,-1.39794000867204,1.00329276886477,0.342422680822206,0.491361693834273,3.17143390094301,NA,-0.611649318679496,1.01218488448713,2.33041377334919,1.01703333929878,-0.537602002101044,2.36027738079498,0.991101951684993,-0.113509274827518,1.61278385671974,-0.777091471768726,1.85125834871908,1.37839790094814,-1,0.568201724066995,-0.214670164989233,-0.763685167469523
"07.4","7","7","30-40","Soil",391305,6466415,30,40,8.7,49.6,NA,NA,NA,1937,1.2,9.9,1350,0.04,2,2,NA,1574,NA,74,1.2,87,8.5,0.16,48,0.77,1.05,42,25.4,56,7.1,0.75,3.1,0.36,21.4,1.60205999132796,1.16648965248955,1795.7669193205,2.01473329182153,1.28942526750375,NA,4.74217594765176,35.0779236229307,0.0791812460476248,0.99563519459755,3.08275965975997,-1.80811270239322,0.301029995663981,NA,1.86923171973098,0.0791812460476248,2.7047771320509,1.90710153772936,-1.94278426316682,1.68124123737559,-0.113509274827518,-0.97621918549103,6.00372280986678,1.40483371661994,-0.480896164261676,1.04027959329558,-0.1249387366083,1.66830448870159,0.772017593236306,1.33041377334919,0.939519252618618,1.6954816764902,3.28712962071911,-0.972007969519899,-0.839064797086306,3.13033376849501,-1.39794000867204,1.00248988614776,0.301029995663981,NA,3.19700472802305,NA,-0.63809226190679,1.0047091902294,1.93951925261862,0.929418925714293,-0.795880017344075,2.25990364072355,0.968322659378452,0.0211892990699381,1.6232492903979,-0.734700698485551,1.7481880270062,0.851258348719075,-1.04755601619502,0.491361693834273,-0.443697499232713,-0.756534835911948
"07.5","7","7","40-50","Soil",391305,6466415,40,50,8.9,48.5,NA,NA,NA,917,3.5,8.7,1063,0.04,1.1,1.8,6.5,2467,NA,46,0.7,58,11.3,0.28,42,0.43,2.19,54,27.7,48,4,NA,1.9,0.21,27.8,1.69897000433602,1.17740689397193,1942.85186146554,2.00664220049132,1.24055383620337,-0.720987504563515,5.21486909193831,24.6824546807612,0.544068044350276,0.939519252618618,2.96979615703396,-1.80811270239322,0.0413926851582251,NA,1.66275783168157,-0.154901959985743,2.47114229830934,2.07815363910943,-1.58616478268959,1.6232492903979,-0.366531544420413,-0.679296278984246,6.77267580468699,1.44247976906445,-0.494569289477083,1.02832298944423,NA,1.3368991532476,0.67350720071584,1.44404479591808,0.949390006644913,1.68574173860226,2.96236933567002,-0.822767709225255,-0.847404049280289,3.0265332645233,-1.39794000867204,1.00034200106546,0.255272505103306,0.812913356642856,3.39216914948974,NA,-0.670557304782697,0.990851161346646,1.76342799356294,1.05307844348342,-0.552841968657781,2.19723298502936,0.90127565979694,0.340444114840118,1.73239375982297,-0.728656000359647,1.68124123737559,0.602059991327962,NA,0.278753600952829,-0.677780705266081,-0.738719689718852
"07.6","7","7","50-60","Soil",391305,6466415,50,60,8.5,94.6,NA,NA,NA,1383,0.8,23.5,3214,0.07,2.9,2,3.7,1668,NA,70,1.6,172,13.9,0.08,102,1.07,0.97,70,35.8,100,14.9,1,3.2,0.43,42.1,1.77815125038364,1.18640273347869,1656.78084760581,2.26219992332547,1.28942526750375,-0.795601893061525,4.80069526808573,29.9409577716436,-0.0969100130080564,1.37106786227174,3.53004202362044,-1.63119434706901,0.462397997898956,NA,1.84509804001426,0.204119982655925,3.14835242565569,2.2121183921218,-2.49756593230566,2.00860017176192,0.0293837776852097,-1.01513894895502,7.6702060378274,1.55388302664387,-0.432766309651489,1.05593181863249,0,1.69243761551469,0.807552173651568,1.62428209583567,0.929418925714293,1.97589113640179,3.14082218010931,-1.03535888236592,-0.785344884400987,3.50704587242733,-1.15490195998574,1.00382714822176,0.301029995663981,0.568201724066995,3.22219604630172,NA,-0.641804311761939,1.01218488448713,2.23552844690755,1.1430148002541,-1.09691001300806,2.64871791123693,1.00836771577346,-0.0132282657337552,1.84509804001426,-0.711058135702697,2,1.17318626841227,-1,0.505149978319906,-0.366531544420413,-0.711318444746338
"07.7","7","7","60-70","Soil",391305,6466415,60,70,8.08,50.6,NA,NA,NA,500,NA,5.9,891,NA,1.8,0.6,NA,397,NA,52,1,54,1.8,NA,54,0.68,NA,10,3.7,50,3.9,0.76,1.1,0.24,3.8,1.84509804001426,1.19406220865692,1390.0697514793,2.02196204487472,0.82916663151965,NA,3.5439753311487,18.5602582696219,NA,0.770852011642144,2.8890395990665,NA,0.255272505103306,NA,1.7160033436348,0,2.43211004651984,1.19400724071618,NA,1.73239375982297,-0.167491087293764,NA,3.0167875277105,0.568201724066995,-0.490910991621555,1.02779860519683,-0.119186407719209,1.04405804199242,0.696673901961209,0.57978359661681,0.907411360774586,1.7041505168398,2.69897000433602,NA,-0.872971539752213,2.94987770403687,NA,1.0021110165783,-0.221848749616356,NA,2.59879050676312,NA,-0.662030437746221,1,1.73239375982297,0.255272505103306,NA,2.31666515922649,0.953611864468465,NA,1,-0.882768399648942,1.69897000433602,0.591064607026499,-1.0453176186329,0.0413926851582251,-0.619788758288394,-0.885512354685311
"07.8","7","7","70-80","Soil",391305,6466415,70,80,8.14,32.4,NA,NA,NA,247,NA,4.9,512,0.01,1.5,0.2,NA,218,NA,37,0.8,37,1.5,NA,34,0.45,NA,9,3.5,NA,1.9,0.56,0.3,0.2,3.3,1.90308998699194,1.20073710701307,1426.15175562344,1.86652870348776,0.554201907858948,NA,3.12209003765263,13.3237953027528,NA,0.690196080028514,2.64954917669612,-2.33349292785712,0.176091259055681,NA,1.56820172406699,-0.0969100130080564,2.23563385525167,1.13010993778498,NA,1.53147891704226,-0.346787486224656,NA,2.86815066156634,0.544068044350276,NA,1.01301523262457,-0.2518119729938,0.580052682509169,0.665236005540582,0.518513939877887,0.910624404889201,1.51054501020661,2.39269695325967,NA,-0.885469028693883,2.70926996097583,-2,1.00145573834444,-0.698970004336019,NA,2.3384564936046,NA,-0.685971344049306,0.994266445337903,1.56820172406699,0.176091259055681,NA,2.10159075597712,0.906336225269011,NA,0.954242509439325,-0.887456083529136,NA,0.278753600952829,-1.09816330332769,-0.522878745280338,-0.698970004336019,-0.896963821196243
"08.1.01","8","8","0-10","Sediment",391337,6466432,0,10,6.44,97.97,"495",495,0,1269,2,5.5,970,0.05,2.9,2.6,4.6,2178,NA,109,1.6,161,6.8,0.81,70,1.3,1.09,47,20.6,1875,4.5,1.33,3.4,1.1,49.3,1,1.10089730326019,633.53402964902,2.276452793161,1.41965367915216,-0.765896892244097,5.07927904339546,28.7544644703346,0.301029995663981,0.740362689494244,2.92762956631299,-1.73537661323584,0.462397997898956,NA,2.03742649794062,0.204119982655925,3.10233227326888,1.78295092205714,-1.07935612398086,1.84509804001426,0.113943352306837,-0.958379561794249,6.33644552594868,1.31386722036915,-0.253938488309053,1.03076603977642,0.123851640967086,1.7394942024553,1.0244323764769,1.69284691927723,0.808885867359812,1.99109310804889,3.1034616220947,-0.897683702361961,-0.877674932488464,2.98677173426624,-1.30102999566398,1.00382714822176,0.414973347970818,0.662757831681574,3.33805787541976,NA,-0.612811288559263,1.01218488448713,2.20682587603185,0.832508912706236,-0.0915149811213502,2.44680953414914,1.03284075536009,0.0374264979406237,1.67209785793572,-0.749514666841325,3.27300127206374,0.653212513775344,-0.954988864327847,0.531478917042255,0.0413926851582251,-0.701163566836248
"08.1.10","8","8","10-20","Sediment",391326,6466482,10,20,5.25,46.02,"0",983,0,874,2.9,5.9,229,0.06,6.4,3.3,12.1,2142,0.36,70,3.3,88,14.3,0.28,67,2.75,0.89,19,76.3,2320,NA,1.74,2.5,0.97,22,1.30102999566398,1.13321900474121,312.208153927238,1.98783278347714,1.5493647215645,-0.646788675268997,5.06141067410911,24.1315160710405,0.462397997898956,0.770852011642144,2.3366430861073,-1.67812433090273,0.806179973983887,-0.443697499232713,1.84509804001426,0.518513939877887,2.71167322373415,2.23113198052389,-1.58616478268959,1.82607480270083,0.439332693830263,-1.0591704664008,4.10411519858074,1.88252453795488,-0.24429111305955,NA,0.2405492482826,1.51361187164233,0.992315443948011,1.34242268082221,0.720159303405957,1.66294661433262,2.9415114326344,-0.847217604129311,-0.872971539752213,2.35983548233989,-1.22184874961636,1.00668203231941,0.518513939877887,1.08278537031645,3.33081946649584,-1.40770695960291,-0.641804311761939,1.03124363242742,1.94448267215017,1.15533603746506,-0.552841968657781,2.4243406198508,1.13268360169148,-0.0506099933550872,1.27875360095283,-0.661581714433457,3.3654879848909,NA,-0.914433170385007,0.397940008672038,-0.0132282657337552,-0.754631946414877
"08.1.11","8","8","20-30","Sediment",391326,6466482,20,30,5.07,39.8,NA,NA,NA,149,1,2.1,38,NA,3,0.4,NA,1201,NA,33,1.6,14,6.1,NA,31,1.28,NA,4,NA,1370,NA,0.83,0.5,0.32,NA,1.47712125471966,1.1525641243243,276.671186176594,1.93670939047638,0.714601943292113,NA,4.47859145985994,10.5063627207498,0,0.322219294733919,1.76503319621417,NA,0.477121254719662,NA,1.51851393987789,0.204119982655925,1.80036774841896,1.7254686740486,NA,1.49136169383427,0.107209969647868,NA,1.94408250629434,NA,-0.268852666647998,NA,-0.0809219076239261,0.730843297548207,0.74932820864878,NA,0.705007959333336,1.59988307207369,2.17318626841227,-1,-0.944795452463721,1.57978359661681,NA,1.00394924911493,-0.397940008672038,NA,3.07954300740291,NA,-0.694212688457992,1.01218488448713,1.14612803567824,0.785329835010767,NA,2.06109957013786,1.03087041772993,NA,0.602059991327962,NA,3.13672056715641,NA,-1.03054903512767,-0.301029995663981,-0.494850021680094,NA
"08.2.1","8","8","0-10","Sediment",391383,6466506,0,10,4.48,69.48,"0",0,0,2933,1.8,9.1,1070,NA,5.7,5.3,2.8,4050,0.71,246,3.2,438,35,0.21,102,3.02,1.51,90,10.4,114,5,2.55,11.3,5.84,13.7,1,1.10089730326019,180.24258066767,2.1403360033524,1.84336932771682,-0.83531546858279,5.79113457107517,42.6308677926274,0.255272505103306,0.959041392321094,2.97284231655306,NA,0.755874855672491,-0.148741651280925,2.39093510710338,0.505149978319906,3.87730009421294,2.92275476083689,-1.76045826475717,2.00860017176192,0.480006942957151,-0.81603885687842,8.65260114340795,1.01703333929878,-0.422575167472239,1.03295634051007,0.406540180433955,2.99486238340514,1.56352607093842,1.13672056715641,0.651278013998144,1.84185980977506,3.46731206298055,-0.912533333998364,-0.844493552455904,3.02938377768521,NA,1.00626377470065,0.724275869600789,0.447158031342219,3.60745502321467,-1.12146591456828,-0.562893678885909,1.03042624558858,2.6414741105041,1.54406804435028,-0.677780705266081,2.64871791123693,1.14582446420331,0.178976947293169,1.95424250943932,-0.799963706339639,2.05690485133647,0.698970004336019,-0.859695991204351,1.05307844348342,0.766412847112399,-0.787898127956386
"08.2.2","8","8","10-20","Sediment",391383,6466506,10,20,5.65,32.18,"0",0,0,2625,1.2,13.3,763,NA,4.6,9.2,NA,3094,0.51,264,2.7,493,26.3,0.11,101,2.48,1.6,54,24.7,87,4.6,1.92,8.9,6.3,12.8,1.30102999566398,1.13321900474121,402.62425214928,1.86424827353712,2.25656649946237,NA,5.47064926225518,40.4647687011833,0.0791812460476248,1.12385164096709,2.81989753188208,NA,0.662757831681574,-0.292429823902064,2.42160392686983,0.431363764158987,3.98084668848521,2.68134040906104,-2.22534049458198,2.00432137378264,0.394451680826216,-0.793063208866096,6.77267580468699,1.39269695325967,-0.44386742718185,1.03122256743093,0.28330122870355,2.68826296341817,1.59383934562498,1.10720996964787,0.752048447819439,1.50758603976301,3.41912930774198,-0.972007969519899,-0.82031753776788,2.88252453795488,NA,1.00549001963651,0.963787827345555,NA,3.49052030936335,-1.25279693149547,-0.558759680003487,1.02592487130272,2.69284691927723,1.41995574848976,-0.958607314841775,2.64322748317517,1.11835845856483,0.204119982655925,1.73239375982297,-0.736660126262548,1.93951925261862,0.662757831681574,-0.900010645745227,0.949390006644913,0.799340549453582,-0.792789385612586
"08.3.1","8","8","0-10","Sediment",391383,6466491,0,10,5.48,75.83,"495",495,0,2493,1.4,5.5,581,0.01,3,5.1,3.2,2637,0.41,141,1.6,225,15.8,0.09,65,1.71,1.16,62,9.5,131,3,1.28,6.9,2.26,19.1,1,1.10089730326019,362.195807117015,2.17418688240707,1.81754808197359,-0.816047266677167,5.28886788747825,39.4952796343208,0.146128035678238,0.740362689494244,2.70238987248534,-2.33349292785712,0.477121254719662,-0.387216143280265,2.14921911265538,0.204119982655925,3.34252192776301,2.29928992482437,-2.39320244669404,1.81291335664286,0.232996110392154,-0.929400568997204,7.23655684349687,0.977723605288848,-0.412026291303653,1.0223802164164,0.107209969647868,2.39588957630131,1.22937132396432,1.28103336724773,0.738780558484369,1.87984105598656,3.39672227850377,-0.948953237792824,-0.877674932488464,2.76417613239033,-2,1.00394924911493,0.707570176097936,0.505149978319906,3.42111012979343,-1.34774302969287,-0.596564598766791,1.01218488448713,2.35218251811136,1.19865708695442,-1.04575749056068,2.40891611527309,1.06830684805037,0.0644579892269184,1.79239168949825,-0.806894491051372,2.11727129565576,0.477121254719662,-0.960917030952229,0.838849090737255,0.354108439147401,-0.764410046087629
"08.3.2","8","8","10-20","Sediment",391383,6466491,10,20,6.55,52.3,"0",0,0,2083,1.2,4.4,525,NA,3.6,5.2,NA,3175,0.45,134,2,266,17.4,0.08,44,1.79,1.24,41,22.1,99,3.3,1.35,8.7,1.57,9.9,1.30102999566398,1.13321900474121,671.81121610065,2.03398622242083,1.83053732500345,NA,5.50062403773257,36.296747456163,0.0791812460476248,0.643452676486187,2.65994609563221,NA,0.556302500767287,-0.346787486224656,2.12710479836481,0.301029995663981,3.469539816964,2.3671793560257,-2.49756593230566,1.64345267648619,0.252853030979893,-0.899321901013923,5.93474398949235,1.34439227368511,-0.43355808120487,1.02434526595052,0.130333768495006,2.6607652217311,1.12102272739,0.99563519459755,0.816241299991783,1.71850168886727,3.31868926994775,-0.972007969519899,-0.892793559913802,2.72015930340596,NA,1.004606158917,0.716003343634799,NA,3.50174372962799,-1.30639651133646,-0.599743904121439,1.01802176794083,2.42488163663107,1.2405492482826,-1.09691001300806,2.21886658381735,1.07433966087441,0.0934216851622351,1.61278385671974,-0.744510633400758,1.99563519459755,0.518513939877887,-0.952689682964302,0.939519252618618,0.195899652409234,-0.811558450682196
"08.3.3","8","8","20-25","Sediment",391383,6466491,20,25,6.88,48.64,NA,NA,NA,3052,2.3,30.5,1434,0.01,7,9.3,18,4263,0.76,230,3.6,450,26.9,0.24,82,3.93,2.06,119,120.7,350,6.6,1.27,17.5,3.9,26.8,1.39794000867204,1.14382486438238,796.504395267156,2.0076802872897,2.26553079350898,-0.603416190979528,5.85423831193485,43.4352842808486,0.361727836017593,1.48429983934679,3.11196250315045,-2.33349292785712,0.845098040014257,-0.119186407719209,2.36172783601759,0.556302500767287,3.90071995344465,2.69964855644194,-1.67729565794103,1.91381385238372,0.594392550375427,-0.700115339123233,9.8927627652029,2.08170727009735,-0.344589472654595,1.03875024021613,0.103803720955957,3.65012834702754,1.41154800285413,1.42813479402879,0.837588438235511,1.68699356626468,3.48458452928284,-0.878357711873979,-0.769828180553767,3.15654915133178,-2,1.00700573253404,0.968482948553935,1.25527250510331,3.62971533264713,-1.0962093239452,-0.566859099069865,1.03355842411965,2.65321251377534,1.42975228000241,-0.619788758288394,2.52972057344173,1.18360264141785,0.313867220369153,2.07554696139253,-0.63328633617511,2.54406804435028,0.819543935541869,-0.962134948792154,1.24303804868629,0.591064607026499,-0.741188584194549
"08.4","8","8","0-10","Sediment",391338,6466502,0,10,5.34,44.18,"7925",495,495,1667,14.6,5,703,0.09,4,4.5,16.2,3835,0.55,75,1.9,147,9,5.63,58,2.17,1.22,48,90.5,4136,3.4,0.85,6.4,1.97,60.5,1,1.10089730326019,331.141343022624,1.97333225881186,1.73600680469498,-0.61463029342311,5.72472585662206,32.6882027510208,1.16435285578444,0.698970004336019,2.78405381745188,-1.55748104984846,0.602059991327962,-0.259637310505756,1.8750612633917,0.278753600952829,3.04008462818318,1.94027031928696,-0.534586473289213,1.76342799356294,0.33645973384853,-0.906564640842157,6.4007426323357,1.9566485792052,-0.219907805174505,1.02496153330576,-0.0705810742857073,2.31573255332899,1.1873474570549,1.78175537465247,0.727541257028556,1.64522571153542,3.22193559982801,-0.658697377934565,-0.884100897979303,2.84695532501982,-1.04575749056068,1.00498597182854,0.653212513775344,1.20951501454263,3.583765368285,-1.22153110759659,-0.637198832152318,1.0166770899316,2.16731733474818,0.954242509439325,0.750508394851346,2.35179496169631,1.10011651919171,0.0863598306747482,1.68124123737559,-0.650907090962768,3.61658053008589,0.531478917042255,-1.02659381982703,0.806179973983887,0.294466226161593,-0.688211239708892
"08.5.1","8","8","0-10","Sediment",391326,6466482,0,10,6.23,67.01,"999",0,1998,591,0.9,5.4,158,0.02,2,1.5,3,812,NA,56,1.1,65,5.3,0.14,38,0.94,NA,19,20.2,753,NA,NA,1.7,0.63,16.8,1,1.10089730326019,564.806449094887,2.12648002780218,1.16031958673349,-0.825303854833082,4.12286621422837,20.0777971346134,-0.0457574905606751,0.732393759822969,2.20504403109903,-2.05407356338647,0.301029995663981,NA,1.7481880270062,0.0413926851582251,2.53468072205313,1.65382362470267,-2.03911015719832,1.57978359661681,-0.0268721464003014,NA,4.10411519858074,1.30535136944662,-0.299769792767765,NA,NA,1.27129767898842,0.889569931578585,1.22530928172586,0.79448804665917,1.82613961793591,2.77158748088126,-1.01654216468154,-0.878908419986959,2.19865708695442,-1.69897000433602,1.00248988614776,0.176091259055681,0.477121254719662,2.90955602924118,NA,-0.656928970504541,1.00245901023727,1.81291335664286,0.724275869600789,-0.853871964321762,2.15140267614521,0.99240833253666,NA,1.27875360095283,-0.750916678083622,2.8767949762007,NA,NA,0.230448921378274,-0.200659450546418,-0.773395444035711
"08.5.12","8","8","0-10","Sediment",391326,6466482,0,10,6.23,67.01,"999",0,1998,608,0.9,5,159,0.02,1.8,1.5,4.8,801,NA,53,1,66,5.5,0.16,37,0.9,NA,19,20.8,753,NA,0.64,1.6,0.64,16.6,1,1.10089730326019,564.806449094887,2.12648002780218,1.16031958673349,-0.760221199674839,4.11099330166652,20.3472133497606,-0.0457574905606751,0.698970004336019,2.20721807381513,-2.05407356338647,0.255272505103306,NA,1.72427586960079,0,2.54331748661422,1.67240721838863,-1.94278426316682,1.56820172406699,-0.0457574905606751,NA,4.10411519858074,1.31806333496276,-0.299769792767765,NA,-0.193820026016113,1.23690668781738,0.893125065424557,1.22010808804006,0.79448804665917,1.82613961793591,2.78390357927274,-1.01654216468154,-0.884100897979303,2.20139712432045,-1.69897000433602,1.0021110165783,0.176091259055681,0.681241237375587,2.90363251608424,NA,-0.660715421847314,1,1.81954393554187,0.740362689494244,-0.795880017344075,2.13935285402557,0.987107532464867,NA,1.27875360095283,-0.748824800473637,2.8767949762007,NA,-1.07473499487443,0.204119982655925,-0.193820026016113,-0.774239496439474
"09.01","9","9","0-20","Sediment",391387,6466402,0,20,8.2,117,"0",0,0,609,1.5,6.9,213,0.01,1.9,1.3,4.7,1313,NA,109,1.1,55,4.3,0.13,134,0.98,NA,15,11.5,1295,NA,0.83,1.5,0.69,12,1.30102999566398,1.13321900474121,1462.89500230221,2.35012670844073,1.10099725430425,-0.763023577445378,4.56382311814389,20.3629362758659,0.176091259055681,0.838849090737255,2.31035734509814,-2.33349292785712,0.278753600952829,NA,2.03742649794062,0.0413926851582251,2.44207347425633,1.55272915919803,-2.09461554614423,2.12710479836481,-0.00877392430750515,NA,3.66427751887382,1.06069784035361,-0.271619718853696,NA,-0.0809219076239261,1.20131720352261,0.910303481668793,1.07918124604762,0.913813852383717,2.06818586174616,2.78461729263288,-0.938812605054142,-0.862572654062377,2.32837960343874,-2,1.00230542090425,0.113943352306837,0.672097857935718,3.11826472608948,NA,-0.612811288559263,1.00245901023727,1.74036268949424,0.633468455579587,-0.886056647693163,2.80539635830239,0.997514909203726,NA,1.17609125905568,-0.792334890424162,3.11226976841727,NA,-1.03054903512767,0.176091259055681,-0.161150909262745,-0.797463141941991
"09.02","9","9","0-15","Sediment",391383,6466407,0,15,7.06,136.5,"999.5",0,0,1849,3.3,13,542,0.11,4.6,5,25.6,3154,0.58,119,2.2,217,9.3,0.46,126,2.24,2.4,77,98.5,2900,3.4,0.85,7,2.48,68,1.17609125905568,1.11969066084699,871.040582206776,2.41603617941546,1.80439653097426,-0.567391662717145,5.49291123607961,34.3196456451583,0.518513939877887,1.11394335230684,2.67321912397645,-1.50102130366605,0.662757831681574,-0.236572006437063,2.07554696139253,0.342422680822206,3.31566904859669,1.95955786410285,-1.32499905856845,2.10037054511756,0.350248018334163,-0.649295135316191,8.02891155699476,1.99343623049761,-0.234575324918003,1.02496153330576,-0.0705810742857073,2.41153522604642,1.25863726956248,1.83250891270624,0.848804701051804,2.13513265137677,3.26693691115917,-0.830341122377739,-0.821751230052396,2.73399928653839,-0.958607314841775,1.00549001963651,0.698970004336019,1.40823996531185,3.49886168899288,-1.20000823231264,-0.607222168084248,1.02052509388995,2.33645973384853,0.968482948553935,-0.337242168318426,2.76925959350347,1.10442661430993,0.380211241711606,1.88649072517248,-0.645673417352232,3.46239799789896,0.531478917042255,-1.02659381982703,0.845098040014257,0.394451680826216,-0.680924944346382
"09.03","9","9","0-20","Sediment",391390,6466400,0,20,7.42,71.2,"0",0,0,2537,2.1,21.7,729,0.05,3.7,6.9,24.5,2468,0.38,134,1.9,190,11.4,0.23,72,1.94,1.97,70,52.1,594,4.9,0.91,4.8,2,29.8,1.30102999566398,1.13321900474121,1034.79043761754,2.14974783159431,2.03062432083539,-0.571763566265337,5.21531597503737,39.8214008319363,0.322219294733919,1.33645973384853,2.79989117248131,-1.73537661323584,0.568201724066995,-0.42021640338319,2.12710479836481,0.278753600952829,3.21894867849552,2.08368443736423,-1.70336592269044,1.85733249643127,0.287801729930226,-0.715714943913807,7.6702060378274,1.71683772329952,-0.312984165967438,1.03253599355688,-0.0409586076789064,2.03315442340659,1.19190103230609,1.47421626407626,0.870403905279027,1.85247999363686,3.40432046722173,-0.890889261246844,-0.790149511618085,2.86272752831797,-1.30102999566398,1.00470491535137,0.838849090737255,1.38916608436453,3.3923451553612,-1.38246065517069,-0.599743904121439,1.0166770899316,2.27875360095283,1.05690485133647,-0.638272163982407,2.46136992600358,1.08504043318539,0.294466226161593,1.84509804001426,-0.686079583324906,2.77378644498119,0.690196080028514,-1.01534749153868,0.681241237375587,0.301029995663981,-0.734060281456129
"09.04","9","9","0-25","Sediment",391388,6466406,0,25,7.07,97.4,"981.4",0,0,2158,2.1,7.1,505,0.02,3.9,4.9,7.7,2478,0.36,80,2,132,8.3,0.27,68,2,1.19,68,36.2,284,2.5,0.66,4,1.67,11.3,1.39794000867204,1.14382486438238,875.321496747699,2.27407063436437,1.79107733571755,-0.699952672594295,5.21977697112238,36.9052640971469,0.322219294733919,0.851258348719075,2.64385824037296,-2.05407356338647,0.591064607026499,-0.443697499232713,1.90308998699194,0.301029995663981,2.96804912050952,1.89345218109377,-1.60720805024278,1.83250891270624,0.301029995663981,-0.917767669084362,7.56432152732678,1.55870857053317,-0.357937294929521,1.01863171373602,-0.180456064458131,1.87219664679418,1.13869172422495,1.05307844348342,0.849419413796899,1.98855895687862,3.33405144034689,-0.890889261246844,-0.860688298929909,2.70329137811866,-1.69897000433602,1.0048946908486,0.690196080028514,0.886490725172482,3.39410130204004,-1.40770695960291,-0.632920614839207,1.01802176794083,2.12057393120585,0.919078092376074,-0.568636235841013,2.43191695308187,1.08911848047548,0.0755469613925307,1.83250891270624,-0.710305544933087,2.45331834004704,0.397940008672038,-1.06940730908699,0.602059991327962,0.222716471147583,-0.801840528392136
"09.05","9","9","0-17","Sediment",391382,6466408,0,17,7.98,95.1,"0",0,0,1233,1,6,395,0.03,3,3.1,31.4,1378,0.29,112,1.6,118,5.2,0.13,118,1.46,1.18,40,32.7,309,2.6,1.04,3.2,1.33,14.4,1.23044892137827,1.12555653731541,1331.38317296975,2.26434065012739,1.51424507493114,-0.547498230833706,4.61068852462276,28.3681262990163,0,0.778151250383644,2.54432829550307,-1.90640263719207,0.477121254719662,-0.537602002101044,2.04921802267018,0.204119982655925,2.89482528865726,1.64434769589214,-2.09461554614423,2.07188200730613,0.164352855784437,-0.921596194624464,5.86488385782893,1.51454775266029,-0.352486987735468,1.01943692347638,0.0170333392987804,1.69243761551469,1.07489790782891,1.15836249209525,0.902002891350729,1.97818051693741,3.09096307659573,-1,-0.87184927735933,2.59659709562646,-1.52287874528034,1.00394924911493,0.491361693834273,1.49692964807321,3.13924921757161,-1.51336440113703,-0.611076973313352,1.01218488448713,2.07188200730613,0.716003343634799,-0.886056647693163,2.73126371535748,1.04771182790492,0.0718820073061254,1.60205999132796,-0.717222673615173,2.48995847942483,0.414973347970818,-0.993685982592861,0.505149978319906,0.123851640967086,-0.784330260797498
"09.052","9","9","0-17","Sediment",391382,6466408,0,17,7.98,95.1,"0",0,0,1137,0.9,5.6,368,0.03,2.9,2.7,29.3,1348,NA,104,1.4,112,4.8,0.11,90,1.33,1.35,39,31.2,293,2.5,1.35,3.1,1.29,13.4,1.23044892137827,1.12555653731541,1331.38317296975,2.26434065012739,1.43943891454413,-0.554161867710132,4.589279959524,27.3076630730382,-0.0457574905606751,0.7481880270062,2.51634562515301,-1.90640263719207,0.462397997898956,NA,2.01703333929878,0.146128035678238,2.86136160318164,1.605118568341,-2.22534049458198,1.95424250943932,0.123851640967086,-0.862395483832407,5.79410868913535,1.49415459401844,-0.35591205622449,1.01863171373602,0.130333768495006,1.66830448870159,1.06661685442685,1.12710479836481,0.902002891350729,1.97818051693741,3.05576046468773,-1.01654216468154,-0.876465355824251,2.56584781867352,-1.52287874528034,1.00382714822176,0.431363764158987,1.46686762035411,3.1296898921993,NA,-0.615822370915636,1.00870805104034,2.04921802267018,0.681241237375587,-0.958607314841775,2.5798076206064,1.03574699140325,0.130333768495006,1.5910646070265,-0.720439651749156,2.46686762035411,0.397940008672038,-0.952689682964302,0.491361693834273,0.110589710299249,-0.789488577671624
"09.06","9","9","0-12","Sediment",391384,6466409,0,12,7.32,94.6,"0",0,0,3321,7.3,26.8,1007,0.23,7.8,9.1,41.9,5122,0.83,216,3.6,397,15.5,0.86,159,4.24,8.57,107,228.5,4929,6,1.12,12.6,4.38,131.7,1.07918124604762,1.10930858019788,987.281953540453,2.26219992332547,2.24754028621978,-0.520579261827515,6.0859357839327,45.1944636626372,0.863322860120456,1.42813479402879,2.94479784736368,-1.31052149640573,0.89209460269048,-0.0809219076239261,2.33445375115093,0.556302500767287,3.79331897642017,2.2860317191184,-1.05617909828199,2.20139712432045,0.627365856592733,-0.346546431090675,9.4011348738859,2.35888620440587,-0.213003063192133,1.03675755694472,0.0492180226701817,3.14608324097354,1.45365915240661,2.11958577496178,0.864511081058392,1.97589113640179,3.52126887559839,-0.733774464437104,-0.777486035760701,3.00302947055362,-0.638272163982407,1.0073967642193,0.959041392321094,1.6222140229663,3.70943957413241,-1.06435323697372,-0.57058727294626,1.03355842411965,2.59879050676312,1.19033169817029,-0.0655015487564323,2.90831269732939,1.19472223931185,0.932980821923198,2.02938377768521,-0.595913481227628,3.69275881815472,0.778151250383644,-0.98186420463365,1.10037054511756,0.6414741105041,-0.641140090852983
"10.01","10","10",NA,"Street Dust",391102,6466540,NA,NA,NA,NA,"478.9",1436.8,0,2307,0.8,27.1,4902,0.02,9.9,6,78.6,4293,0.61,492,5.4,591,42.8,0.34,172,3.97,3.54,113,90.6,296,21.7,5.11,5.2,1.73,42.1,NA,NA,NA,NA,1.92916767425586,-0.466378383853252,5.86292519021529,38.0817801739721,-0.0969100130080564,1.43296929087441,3.77063538890209,-2.05407356338647,0.99563519459755,-0.214670164989233,2.69196510276736,0.732393759822969,4.1449482923874,3.10563660012854,-1.47839560285426,2.23552844690755,0.598790506763115,-0.536015320336019,9.65034712582109,1.95712819767681,-0.355253263104142,1.06396000922053,0.708420900134713,2.10812112503748,1.14891689299043,1.62428209583567,NA,NA,3.36304759452109,-1.03535888236592,-0.776823887958601,3.69037330691606,-1.69897000433602,1.00825880249275,0.778151250383644,1.89542254603941,3.63276088847944,-1.17992213410996,-0.523605109585347,1.04441385125806,2.77158748088126,1.63144376901317,-0.468521082957745,2.95685189930396,1.18507976308301,0.549003262025788,2.05307844348342,-0.650838584824272,2.47129171105894,1.33645973384853,-0.768408238406225,0.716003343634799,0.238046103128795,-0.711318444746338
"10.02","10","10",NA,"Street Dust",391210,6466534,NA,NA,NA,NA,"0",0,0,4663,2.4,40.8,9595,0.04,16.1,20.1,33.9,6434,1,485,8.8,676,67.1,0.68,200,6.17,4.54,194,31.7,579,25.9,5.36,14.9,3.48,356.5,NA,NA,NA,NA,3.00551356233433,-0.540216864984006,6.38658635890777,53.0109186511787,0.380211241711606,1.61066016308988,4.18766501452939,-1.80811270239322,1.20682587603185,0,2.68574173860226,0.944482672150169,4.27092306993555,3.55680076352624,-1.15000115705005,2.30102999566398,0.790285164033242,-0.474105464011056,12.5055630140553,1.50105926221775,-0.314443479746693,1.06775934374565,0.72916478969277,3.39398224383319,1.3713956535296,2.55205953418788,NA,NA,3.66866541545449,-0.872555712803955,-0.752874115236154,3.98204497907149,-1.39794000867204,1.01001938051522,1.30319605742049,1.53019969820308,3.80848105656595,-1,-0.524388901052824,1.05763987707397,2.82994669594164,1.82672252016899,-0.167491087293764,3.0522844064703,1.25121585126377,0.657055852857104,2.28780172993023,-0.71934884234547,2.76267856372744,1.41329976408125,-0.762503659776185,1.17318626841227,0.541579243946581,-0.585550296451066
"10.03","10","10",NA,"Street Dust",391288,6466540,NA,NA,NA,NA,"1472",0,0,4340,2.9,27.1,13711,0.01,7.3,19.7,19.9,7145,0.71,380,4.5,746,45.6,0.83,165,2.94,3.68,121,11.4,343,38.1,3.63,14.2,3.05,66.3,NA,NA,NA,NA,2.98343937443085,-0.592925891266292,6.5297090295384,51.252136156124,0.462397997898956,1.43296929087441,4.42777752660702,-2.33349292785712,0.863322860120456,-0.148741651280925,2.57978359661681,0.653212513775344,4.3657210340877,3.16557640623546,-1.06985731700924,2.21748394421391,0.468347330412157,-0.525857168664238,9.97214845833836,1.05690485133647,-0.34585793794331,1.07609467375726,0.559906625036113,3.32090197027724,1.3263432510045,1.82151352840477,NA,NA,3.63748972951251,-0.847217604129311,-0.776823887958601,4.13706913083941,-2,1.00715735288261,1.29446622616159,1.29885307640971,3.85400223312699,-1.12146591456828,-0.537915115946419,1.03951856060916,2.87273882747267,1.65896484266444,-0.0809219076239261,2.93109017666642,1.14204201616434,0.565847818673518,2.08278537031645,-0.792994684734188,2.53529412004277,1.58092497567562,-0.812038557686743,1.15228834438306,0.484299839346786,-0.682496893041796
"10.04","10","10",NA,"Street Dust",391345,6466538,NA,NA,NA,NA,"1950.3",0,0,3908,2.3,28.1,21038,0.02,7.3,16.4,29.4,5614,0.63,276,4.2,908,36.8,0.45,132,2.5,2.83,132,16.3,236,67.4,2.58,9.3,2.4,56.2,NA,NA,NA,NA,2.78944272710464,-0.553831981097773,6.20511246343338,48.7875815314973,0.361727836017593,1.44870631990508,4.73399496525308,-2.05407356338647,0.863322860120456,-0.200659450546418,2.44090908206522,0.6232492903979,4.56112093872405,2.96730772762751,-1.33559493938589,2.12057393120585,0.397940008672038,-0.598596499304003,10.3970477933325,1.21218760440396,-0.370195142376301,1.08853283151968,0.41161970596323,2.74226074141293,1.24822820173949,1.74973631556906,NA,NA,3.59195455504674,-0.878357711873979,-0.774672398240201,4.32300445077404,-1.69897000433602,1.00715735288261,1.2148438480477,1.46834733041216,3.74927240829842,-1.16724964434874,-0.55617302938691,1.03767210827644,2.95808584852109,1.56584781867352,-0.346787486224656,2.79652527328974,1.11946534157092,0.45178643552429,2.12057393120585,-0.766427090067911,2.37291200297011,1.82865989653532,-0.858073663373151,0.968482948553935,0.380211241711606,-0.692848026763049
"10.05","10","10",NA,"Street Dust",391412,6466541,NA,NA,NA,NA,"0",489.5,0,8562,3,45.1,13827,0.09,10.3,18.7,27.9,8344,0.7,655,5.7,1424,70.5,1.14,418,3.46,7.97,334,25,756,42.5,3.42,17.4,3.13,208.6,NA,NA,NA,NA,2.92698254126162,-0.558924091951832,6.74744014677015,70.5358006523325,0.477121254719662,1.65417654187796,4.43360787291391,-1.55748104984846,1.01283722470517,-0.154901959985743,2.81624129999178,0.755874855672491,5.04211504871909,3.61023335766601,-0.953625486095544,2.62117628177504,0.539076098792777,-0.359179424892692,16.2274134929574,1.39794000867204,-0.299553091065401,1.07846666479599,0.534026106056135,3.64067814626923,1.33506915890926,2.31931430409051,NA,NA,3.93257522349829,-0.84275677512908,-0.74712227386222,4.14072796284418,-1.04575749056068,1.00840209127396,1.2718416065365,1.4456042032736,3.92137429541847,-1.12680308344324,-0.508196324738405,1.04586997026307,3.15350998930084,1.8481891169914,0.0569048513364726,3.56493579667201,1.16518021427512,0.901458321396112,2.52374646681156,-0.735813017398124,2.87852179550121,1.62838893005031,-0.819891308081935,1.2405492482826,0.495544337546448,-0.614839998628103
"10.06","10","10",NA,"Street Dust",391500,6466539,NA,NA,NA,NA,"983.8",1475.6,0,5566,4.2,139.3,17550,0.04,13.4,34.4,75.3,9240,0.95,613,6.8,1635,95.8,4.05,187,4.55,180.51,267,36.9,756,55.6,3.88,16.7,2.59,150.3,NA,NA,NA,NA,3.66015308589463,-0.469887551510462,6.89454138372976,57.6102593322122,0.6232492903979,2.14395111642396,4.6018350460695,-1.80811270239322,1.12710479836481,-0.0222763947111523,2.78746047451842,0.832508912706236,5.19975265958241,3.9601353085076,-0.602365495228122,2.2718416065365,0.658011396657112,-0.0770672797169493,14.5754064006157,1.56702636615906,-0.299553091065401,1.08432024195479,0.588831725594207,3.57367739464881,1.27254789509849,2.17695898058691,NA,NA,3.74554320199802,-0.799736770430579,-0.685338352152763,4.24427712080184,-1.39794000867204,1.00935442977491,1.53655844257153,1.8767949762007,3.96567197122011,-1.01731686891743,-0.511723965422577,1.05063637118592,3.2135177569963,1.98136550907854,0.607455023214668,3.00938371852784,1.20515048676346,2.25650126621132,2.42651126136458,-0.709010172707471,2.87852179550121,1.74507479158206,-0.803350981414729,1.22271647114758,0.413299764081252,-0.633472130541427
"10.071","10","10",NA,"Street Dust",391504,6466767,NA,NA,NA,NA,"991.6",0,0,6778,3.2,48.2,7894,0.06,8.7,18.5,127.5,12797,0.78,509,4.7,772,63.7,1.12,177,3.67,4.87,184,29.5,498,23.6,4.49,17.7,2.02,110.8,NA,NA,NA,NA,2.91546314758278,-0.42856978872179,7.38602519223701,63.1996131290733,0.505149978319906,1.68304703823885,4.06195229337125,-1.67812433090273,0.939519252618618,-0.10790539730952,2.70671778233676,0.672097857935718,4.39917213262748,3.50144247263653,-0.959761961377438,2.24797326636181,0.564666064252089,-0.45797587871817,12.1921820168657,1.46982201597816,-0.323181176827072,1.06576069342934,0.652246341003323,3.66894042724685,1.19490848835186,2.04453976039241,NA,NA,3.83110156450136,-0.834329490859108,-0.743330542046708,3.8972971220595,-1.22184874961636,1.00779151169842,1.26717172840301,2.10551018476997,4.10710816994855,-1.086719767674,-0.521751784350647,1.04068403789188,2.88761730033574,1.80413943233535,0.0492180226701817,2.97475089106602,1.17366670543934,0.687528961214634,2.26481782300954,-0.724296949932241,2.69722934275972,1.37291200297011,-0.784628440750927,1.24797326636181,0.305351369446624,-0.651310313421918
"10.072","10","10",NA,"Street Dust",391504,6466767,NA,NA,NA,NA,"991.6",0,0,7032,3.3,44.2,8184,0.05,9.9,19.7,57.7,12432,0.86,532,5.4,808,66.5,1.02,163,4.21,4.09,193,30.4,554,26.5,5.09,18.8,2.18,135.3,NA,NA,NA,NA,2.98343937443085,-0.492266877152551,7.34097205389574,64.3019514017948,0.518513939877887,1.64542226934909,4.08490673622418,-1.73537661323584,0.99563519459755,-0.0655015487564323,2.72591163229505,0.732393759822969,4.44407254300262,3.54717633524859,-0.992849275092968,2.21218760440396,0.624282095835668,-0.499157341078335,12.4746091889588,1.48287358360875,-0.316977828582751,1.06825211715142,0.706717782336759,3.77038479086119,1.21820112795958,2.13129779659762,NA,NA,3.84707886206572,-0.830341122377739,-0.748275840991035,3.9129656207041,-1.30102999566398,1.00825880249275,1.29446622616159,1.76117581315573,4.09454100145684,-1.0517786677311,-0.519350347018711,1.04441385125806,2.90741136077459,1.8228216453031,0.00860017176191757,2.92357140970047,1.1936778887431,0.611723308007342,2.28555730900777,-0.722225402059033,2.74350976472843,1.42324587393681,-0.768895043261507,1.27415784926368,0.338456493604605,-0.639567269290689
"10.08","10","10",NA,"Street Dust",391407,6466763,NA,NA,NA,NA,"499.3",0,499.3,3913,1.2,13,15265,0.04,9.5,9.4,10.2,3017,0.41,317,5.5,632,37.3,0.28,117,3.3,3.39,164,15.1,327,40.9,2.58,7.1,2.08,71.7,NA,NA,NA,NA,2.27443425213628,-0.666388815040976,5.44157539757141,48.8169106322546,0.0791812460476248,1.11394335230684,4.50265591120916,-1.80811270239322,0.977723605288848,-0.387216143280265,2.50105926221775,0.740362689494244,4.20735628768335,2.97941262872997,-1.58616478268959,2.06818586174616,0.518513939877887,-0.54758681606714,11.5376319693075,1.17897694729317,-0.348875890205678,1.07763321235964,0.41161970596323,2.42705894679176,1.20379943514512,1.8555191556678,NA,NA,3.59250984790068,-0.972007969519899,-0.821751230052396,4.18369680863468,-1.39794000867204,1.00810962489138,0.973127853599699,1.00860017176192,3.47957531017499,-1.34774302969287,-0.548190180734491,1.04490779627664,2.80071707828239,1.57170883180869,-0.552841968657781,2.72637243277903,1.15840559694846,0.530199698203082,2.2148438480477,-0.772033299393575,2.51454775266029,1.61172330800734,-0.858073663373151,0.851258348719075,0.318063334962762,-0.67764700505247
"10.09","10","10",NA,"Street Dust",391304,6466763,NA,NA,NA,NA,"1483.7",0,989.1,2710,1.3,32.9,21069,0.03,4.3,7.1,5.5,3425,0.42,322,3,1152,34.2,0.3,287,2.03,1.92,386,24.3,555,76.9,2.33,7.1,2.81,52.5,NA,NA,NA,NA,2.05201441733858,-0.742347694516747,5.5894867507451,41.0754380459524,0.113943352306837,1.51719589794997,4.73508384476841,-1.90640263719207,0.633468455579587,-0.3767507096021,2.50785587169583,0.477121254719662,4.80952320674602,2.90243878061942,-1.5469978819294,2.45788189673399,0.307496037913213,-0.724849373843235,17.3933923993074,1.38560627359831,-0.316873878431353,1.09142843554273,0.367355921026019,2.42705894679176,1.29909633867663,1.72015930340596,NA,NA,3.43296929087441,-0.959967741873038,-0.765378022520831,4.32364392313595,-1.52287874528034,1.0052467628583,0.851258348719075,0.740362689494244,3.53466057582844,-1.33691610688891,-0.547295402351127,1.02871401413544,3.06145247908719,1.53402610605614,-0.522878745280338,3.29351709877006,1.09111742377606,0.28330122870355,2.58658730467176,-0.737807303195013,2.74429298312268,1.88592633980143,-0.872314415604281,0.851258348719075,0.44870631990508,-0.697158925100814
"10.1","10","10",NA,"Street Dust",391205,6466756,NA,NA,NA,NA,"492.4",492.4,492.4,3384,1.5,31.2,14923,0.06,3.8,7.5,9.3,3016,0.34,521,2.3,924,31.1,0.72,513,1.31,2.08,354,12.3,515,45.8,1.08,6.6,2,67.2,NA,NA,NA,NA,2.09367663712338,-0.677234316402017,5.44119398485216,45.5954323140595,0.176091259055681,1.49415459401844,4.48674828318306,-1.67812433090273,0.57978359661681,-0.468521082957745,2.71683772329952,0.361727836017593,4.57890677689021,2.82042539594615,-1.12642500754753,2.71011736511182,0.117271295655764,-0.69678638080485,16.6863391166066,1.0899051114394,-0.321214195624808,1.08009267853169,0.0334237554869497,2.34819307230231,1.19190103230609,1.82736927305383,NA,NA,3.52943035436699,-0.938812605054142,-0.768492327753868,4.17385613898627,-1.22184874961636,1.00480104728758,0.8750612633917,0.968482948553935,3.47943133719774,-1.43489818522223,-0.520484247934916,1.02169472539099,2.96567197122011,1.49276038902684,-0.142667503568732,3.72206360457282,1.0338159758365,0.318063334962762,2.54900326202579,-0.787272610848824,2.71180722904119,1.66086547800387,-0.987647928719581,0.819543935541869,0.301029995663981,-0.681659278768649
"10.11","10","10",NA,"Street Dust",391070,6466760,NA,NA,NA,NA,"1047.1",0,0,2933,1.6,21.7,7902,0.03,7.5,9.7,8.3,3641,0.51,414,4.2,804,42.6,0.94,247,2.95,2.09,155,8.5,325,26.3,2.34,6.9,2.67,50.9,NA,NA,NA,NA,2.300790006236,-0.690833526951348,5.66223414062067,42.6308677926274,0.204119982655925,1.33645973384853,4.06259499099648,-1.90640263719207,0.8750612633917,-0.292429823902064,2.6170003411209,0.6232492903979,4.43916133064457,3.10125156871706,-1.0226767598695,2.39269695325967,0.469822015978163,-0.695139769610944,11.2295411117311,0.929418925714293,-0.34926537985702,1.06808908490535,0.369215857410143,2.39588957630131,1.28239004946129,1.70671778233676,NA,NA,3.46731206298055,-0.929424794795586,-0.790149511618085,3.89773702534543,-1.52287874528034,1.00725502194423,0.986771734266245,0.919078092376074,3.56122067893394,-1.25279693149547,-0.533124870494209,1.03767210827644,2.90525604874845,1.62940959910272,-0.0268721464003014,3.19103213617438,1.14251972238226,0.320146286111054,2.19033169817029,-0.815493478204266,2.51188336097887,1.41995574848976,-0.871711298519996,0.838849090737255,0.426511261364575,-0.699126903653779
